{
  "no": "رقم",
  "yes": "نعم",
  "retry": "أعد المحاولة",
  "youOk": "هل أنت بخير؟",
  "deaths": "مرات الموت",
  "totalDeaths": "كل مرات الموت",
  "perfect": "مثالي",
  "gold": "ذهبي",
  "silver": "فضي",
  "bronze": "برونزي",
  "cleared":"تم المسح",

  "language": "لغة",
  "ui_mm_start": "ألعب اللعبة",
  "ui_trophie_title": "انتصارات",
  "ui_trophie_section1_title": "الفصول القياسية",
  "ui_trophie_section2_title": "أشد صعوبة",
  "ui_trophie_section3_title": "أشياء رائعة",
  "ui_trophie_section4_title": "إكمال",
  "ui_trophie_name_0": "التحدي",
  "ui_trophie_name_1": "الفصل 1",
  "ui_trophie_name_2": "الفصل 2",
  "ui_trophie_name_3": "الفصل 3",
  "ui_trophie_name_4": "الفصل 4",
  "ui_trophie_name_5": "الفصل 5",
  "ui_trophie_name_6": "الفصل 6",
  "ui_trophie_name_7": "الفصل 7",
  "ui_trophie_name_8": "الفصل 8",
  "ui_trophie_name_9": "الفصل 9",
  "ui_trophie_name_10": "مزعج",
  "ui_trophie_name_hub": "مركز المستوى",
  "ui_trophie_name_1Hard": "الفصل 1 صعب",
  "ui_trophie_name_2Hard": "الفصل 2 صعب",
  "ui_trophie_name_3Hard": "الفصل 3 صعب",
  "ui_trophie_name_4Hard": "الفصل 4 صعب",
  "ui_trophie_name_5Hard": "الفصل 5 صعب",
  "ui_trophie_name_6Hard": "الفصل 6 صعب",
  "ui_trophie_name_7Hard": "الفصل 7 صعب",
  "ui_trophie_name_8Hard": "الفصل 8 صعب",
  "ui_trophie_name_9Hard": "الفصل 9 صعب",
  "ui_trophie_name_11": "ملكي !",
  "ui_trophie_name_12": "صندوق الشكر !",
  "ui_trophie_name_13": "إنها لعبة Climb !",
  "ui_trophie_name_14": "بين أسنان المنشار",
  "ui_trophie_name_15": "ثقة عمياء",
  "ui_trophie_name_16": "سلسلة مفاتيح",
  "ui_trophie_name_17": "خذ زمام المبادرة",
  "ui_trophie_name_18": "أطفئوا الأنوار !",
  "ui_trophie_name_19": "خارج الصندوق",
  "ui_trophie_name_20": "داخل الصندوق",
  "ui_trophie_name_21": "خطوة واحدة في كل مرة",
  "ui_trophie_name_22": "تكرار المحاولة",
  "ui_trophie_name_23": "الحظ حليفك في المرة الثالثة",
  "ui_trophie_name_24": "المذهلون الأربعة",
  "ui_trophie_name_25": "صافحني مصافحة عالية",
  "ui_trophie_name_26": "مشعوذ",
  "ui_trophie_name_27": "يا لك من محظوظ",
  "ui_trophie_name_28": "البطل لثماني مرات",
  "ui_trophie_name_29": "تسعة حيوات",
  "ui_trophie_name_30": "ممتاز !",
  "ui_trophie_name_31": "مبهر",
  "ui_trophie_name_32": "يمر الوقت سريعًا V2.0",
  "ui_trophie_name_33": "انتبهوا",
  "ui_trophie_name_34": "لعبة Death Tycoon",
  "ui_trophie_name_35": "أوليمبي",
  "ui_trophie_name_36": "ساعٍ نحو الكمال",
  "ui_trophie_name_37": "منجم",
  "ui_trophie_name_38": "فائز",
  "ui_trophie_name_39": "متنافس",
  "ui_trophie_name_40": "متطرف",
  "ui_trophie_name_41": "متطرف",
  "ui_trophie_name_42": "متطرف",
  "ui_trophie_name_43": "متطرف",
  "ui_trophie_name_44": "متطرف",
  "ui_trophie_name_45": "متطرف",
  "ui_trophie_name_46": "متطرف",
  "ui_trophie_name_47": "متطرف",
  "ui_trophie_name_48": "متطرف",
  "ui_trophie_description_1": "أكمل الفصل 1 إلى أي ترتيب",
  "ui_trophie_description_2": "أكمل الفصل 2 إلى أي ترتيب",
  "ui_trophie_description_3": "أكمل الفصل 3 إلى أي ترتيب",
  "ui_trophie_description_4": "أكمل الفصل 4 إلى أي ترتيب",
  "ui_trophie_description_5": "أكمل الفصل 5 إلى أي ترتيب",
  "ui_trophie_description_6": "أكمل الفصل 6 إلى أي ترتيب",
  "ui_trophie_description_7": "أكمل الفصل 7 إلى أي ترتيب",
  "ui_trophie_description_8": "أكمل الفصل 8 إلى أي ترتيب",
  "ui_trophie_description_9": "أكمل الفصل 9 إلى أي ترتيب",
  "ui_trophie_description_10": "اجتاز العقبة 1 لتصل إلى أي ترتيب",
  "ui_trophie_description_11": "احصل على النجم المخفي في الفصل 1",
  "ui_trophie_description_12": "احصل على النجم المخفي في الفصل 2",
  "ui_trophie_description_13": "احصل على النجم المخفي في الفصل 3",
  "ui_trophie_description_14": "احصل على النجم المخفي في الفصل 4",
  "ui_trophie_description_15": "احصل على النجم المخفي في الفصل 5",
  "ui_trophie_description_16": "احصل على النجم المخفي في الفصل 6",
  "ui_trophie_description_17": "احصل على النجم المخفي في الفصل 7",
  "ui_trophie_description_18": "احصل على النجم المخفي في الفصل 8",
  "ui_trophie_description_19": "احصل على النجم المخفي في الفصل 9",
  "ui_trophie_description_20": "احصل على النجم المخفي في العقبة",
  "ui_trophie_description_21": "وضع التحدي الكامل للفصل 1",
  "ui_trophie_description_22": "وضع التحدي الكامل للفصل 2",
  "ui_trophie_description_23": "وضع التحدي الكامل للفصل 3",
  "ui_trophie_description_24": "وضع التحدي الكامل للفصل 4",
  "ui_trophie_description_25": "وضع التحدي الكامل للفصل 5",
  "ui_trophie_description_26": "وضع التحدي الكامل للفصل 6",
  "ui_trophie_description_27": "وضع التحدي الكامل للفصل 7",
  "ui_trophie_description_28": "وضع التحدي الكامل للفصل 8",
  "ui_trophie_description_29": "وضع التحدي الكامل للفصل 9",
  "ui_trophie_description_30": "اكمل أي فصل بأفضل مستوى",
  "ui_trophie_description_31": "سطح للعوم به فقاعة واحدة متبقية",
  "ui_trophie_description_32": "ألعب اللعبة لمدة تزيد عن ساعة",
  "ui_trophie_description_33": "سيتم سحقك بالمربعات المندفعة",
  "ui_trophie_description_34": "تجاوز عدد 100 من إجمالي الوفيات",
  "ui_trophie_description_35": "حقق الذهب أو أفضل من ذلك في كل فصل",
  "ui_trophie_description_36": "حقق مستوى ممتاز أو أفضل من ذلك في كل فصل",
  "ui_trophie_description_37": "اجمع كل النجوم في اللعبة",
  "ui_trophie_description_38": "أكمل كل فصل في وضع التحدي",
  "ui_trophie_description_39": "أكمل كل فصل في تحدي الغرفة",
  "ui_options_title": "الخيارات",
  "ui_options_music": "الموسيقى",
  "ui_options_sound": "الصوت",
  "ui_options_enable": "تشغيل",
  "ui_options_disable": "إيقاف تشغيل",
  "ui_options_auto_save": "إعادة التعيين التلقائيn عند مرور أفضل وقت",
  "ui_level_complet_title": "اكتمل المستوى",
  "ui_gp_hub_name_title": "وقتك",
  "ui_gp_rank_gold": "ذهبي",
  "ui_gp_rank_silver": "فضي",
  "ui_gp_rank_bronze": "برونزي",
  "ui_gp_challenge_floor": "طابق",
  "ui_act_select_title": "اختيار الفصل",
  "ui_gp_challenge_floors": "طوابق",
  "ui_gp_challenge_room": "غرفة التحدي",
  "ui_gp_challenge_time": "وقتك",
  "ui_achievement_title": "تم إلغاء قفل الإنجازات!",
  "act_select_hard": "الوضع الصعب",
  "hell_locked": "مغلق",

  "pressDown": "اضغط لأسفل للدخول",
  "pressDownStage": "اضغط لأسفل لدخول المرحلة",
  "checkpoint": "نقطة التحقق",

  "death0_1": "مصاب بالشوك!",
  "death0_2": "مفرقع!",
  "death1_1": "متناثر!",
  "death1_2": "هبوط صعب!",
  "death2_1": "ممزق!",
  "death2_2": "قاتل للمتعة!",
  "death2_3": "مقطع إلى أشلاء!",
  "death3_1": "مسحوق!",
  "death3_2": "محطم!",
  "death3_3": "مضغوط جدًا!",
  "death4_1": "انهيار الرئتين!",
  "death4_2": "غارق!",
  "death4_3": "النوم ودن وجود أسماك ...!",
  "death5_1": "سقط خارج العالم!",
  "death5_2": "مباشرةً إلى الجحيم!",
  "death5_3": "سقط بعيدًا جدًا!",
  "death6_1": "ممنوع الدخول!",
  "death7_1": "مكدس",
  "death7_2": "محطم!",
  "death7_3": "مسحوق!",
  "death8_1": "مقطوف",
  "death8_2": "مقطوع",
  "death8_3": "الموت المأساوي",
  "death8_4": "مقطوع الرأس",
  "death9_1": "هل جربت تقنية شوريكينجوتسو!",
  "death9_2": "النينجا السيئ!",
  "death9_3": "مقطع إلى مكعبات!",
  "death10_1": "الموت بأربع طرق!",
  "death10_2": "مقطع إلى مكعبات!",
  "death11_1": "مصعوق بالكهرباء!",
  "death11_2": "غاضب بشدة!",
  "death11_3": "صادم.",
  "death12_1": "مسحوق!",
  "death12_2": "محطم!",
  "death12_3": "مضغوط جدًا!",
  "death13_1": "مسروق.",
  "death13_2": "هرع مسرعًا.",
  "death13_3": "ممزق إلى أشلاء",
  "death14_1": "مندثر!",
  "death14_2": "ممزق بسلاح الليزر!",
  "death14_3": "شخصية Fried vexman!",
  "death15_1": "أنا متفاجئ للغاية!",
  "death15_2": "مخترق!",

  "tf1":"مرحبًا بك مرة أخرى في لعبة [0]VEX[0]",
  "tf2":"اضغط [1]لأسفل[1] للدخول إلى [1]الفصل 1[1]",
  "tf3":"باستخدام [0]الطائرة الورقية[0] يمكنك التحليق!",
  "tf4":"استخدم اللمس لتفجير مادة TNT!",
  "tf5":"لا تلمس الماء، وإلا ستفقد قدرة اللمس الخاصة بك",
  "tf6":"العب [2]فصولًا جديدة[2] عبر التوقف على [2]مربع[2] الفصل",
  "tf7":"اقفز من [3]جانب إلى آخر[3] للصعود إلى الأعلى",
  "tf8":"لنشاهد الموجز من [2]Vex2[2]",
  "tf9":"انتبه! تشغيل المربعات الرمادية وإيقاف تشغيلها",
  "tf10":"[2]اتبع[2] [2]الأسهم[2] للوصول إلى خط النهاية",
  "tf11":"أثناء الجري، [2]اضغط مع الاستمرار[2] [2]للانزلاق[2]!",
  "tf12":"كما حدث سابقًا، المربعات [4]الأرجوانية[4] [4]ضعيفة[4] للغاية",
  "tf13":"تنقل باستخدام [5]مفاتيح الأسهم[5] أو [5]WASD[5]",
  "tf13Mob":"قم بلمس [5]الأسهم[5] [5]للانتقال[5]",
  "tf14":"المربعات [6]البرتقالية[6] تساعدك على القفز لمسافات عالية جدًا!",
  "tf15":"يمكنك إمساك عمود للانزلاق لأعلى أو لأسفل",
  "tf16":"تنقلك هذه البوابات إلى مكان آخر على الخريطة",
  "tf18":"لقد أبليت [2]بلاءً حسنًا[2] حتى الآن!",
  "tf19":"انتبه، [7]السقوط الطويل[7] يمكن أن يقتلك!",
  "tf20":"احذر، تنفذ [8]الأنفاس[8] من رئتيك! حاول أن [8]تسبح للأمام[8] بالاتجاه المقابل لك",
  "tf21":"المربعات [9]البينة[9] [8]تُدفع[8] في أي من الاتجاهين!",
  "tf22":"[8]اضغط لأسفل[8] على المربع العالق [8]لركله[8] بعيدًا",
  "tf23":"[10]اقفز[10] في الجزء [11]الأحمر[11] لتتأرجح إلى الأمام",
  "tf24":"[10]القفز[10] في [12]الجزء الأزرق[12] يجعلك تتأرجح أكثر",
  "tf25":"[10]قم بتغيير اتجاه[10] التأرجح الخاص بك باستخدام [10]الجهة اليسرى[10] أو [10]اليمنى[10]",
  "tf26":"[13]إن الجليد[13] [13]زلق[13] و [13]يذوب[13] بمرور الوقت!",
  "tf27":"[10]اضغط مع الاستمرار[10] في منتصف الهواء [10]للركل[10] وتحطيم[14]الزجاج[14]",
  "tf28":"[15]مربعات السرعة[15] تحركك إلى الاتجاه الموضح!",
  "tf29":"لتتجاوز [15]أشعة الليزر[15] يجب أن تكون سريعًا!  حاول استخدام [16]قدرتك على الركل[16] عن طريق [16] بالضغط مع الاستمرار[16] في منتصف الهواء",
  "tf30":"استخدم [10]المفاتيح[10]لإلغاء قفل [17]المربعات المغلقة[17]",
  "tf31":"تقع [18]البوابة[18]في نهاية [19]المربعات المغلقة[19]!",
  "tf32":"يجب عليك [20]العثور[20] على [10]مفاتيح[10]!",
  "tf33":"[3]اقفز[3] في [21]المدفع[21] [3]واضغط لأعلى[3] عندما ترغب في إطلاق النار!",
  "tf34":"هذه الفقاعات الصغيرة [22]تعيد شحن[22] أنفاسك تحت الماء!",
  "tf35":"احترس من الشرار المتناثر حول الحافة",
  "tf36":"تختفي [25]المربعات الشمسية[25] عندما ينطفئ [26]الضوء[26]!",
  "tf37":"إذا لحقت الشرارة بالماء ستصبح المياه مصعوقة بالكهرباء",
  "tf38":"شكرًا على مشاركتك لعبة [29]Vex 3[29]! لقد شارفت على الانتهاء...",
  "tf39":"المربعات [30]الوردية[30] [31]تختفي[31] كلما اقتربت أكثر",
  "tf40":"[11]المفاتيح الحمراء[11] تختفي بعد 5 ثوانٍ",
  "tf41":"يمكنك [32]النظر حول[32] المسرح وأنت [32]ثابت في مكانك[32]",
  "tf42":"هذا هو [33]الاختبار الأخير[33]. إذا تجاوزك السلك حتى النهاية فيجب عليك [33] إعادة الفصل بأكمله[33]!",
  "tf43":"إنها طريقة خاطئة، يا للعبث!",
  "tf44":"أحسنت صنعًا! والآن اذهب لتجد [34]الفصل التالي[34]",
  "tf45":"احصل على [35] 3 نجوم [35] في [35]الفصل الواحد[35] لإلغاء قفل [35]الوضع الصعب[35]"
}