{
  "no": "No",
  "yes": "Yes",
  "retry": "Retry",
  "youOk": "Are you ok?",
  "deaths": "Deaths",
  "totalDeaths": "Total deaths",
  "perfect": "PERFECT",
  "gold": "GOLD",
  "silver": "SILVER",
  "bronze": "BRONZE",
  "cleared": "CLEARED",
  
  "language": "Language",
  "ui_mm_start": "Play Game",
  "ui_trophie_title": "Trophies",
  "ui_trophie_section1_title": "Standard Acts",
  "ui_trophie_section2_title": "Hardcore",
  "ui_trophie_section3_title": "Awesome Stuff",
  "ui_trophie_section4_title": "Completion",
  "ui_trophie_name_0": "Challenge",
  "ui_trophie_name_1": "Act 1",
  "ui_trophie_name_2": "Act 2",
  "ui_trophie_name_3": "Act 3",
  "ui_trophie_name_4": "Act 4",
  "ui_trophie_name_5": "Act 5",
  "ui_trophie_name_6": "Act 6",
  "ui_trophie_name_7": "Act 7",
  "ui_trophie_name_8": "Act 8",
  "ui_trophie_name_9": "Act 9",
  "ui_trophie_name_10": "Vexation",
  "ui_trophie_name_hub": "Level Hub",
  "ui_trophie_name_1Hard": "Act 1 Hard",
  "ui_trophie_name_2Hard": "Act 2 Hard",
  "ui_trophie_name_3Hard": "Act 3 Hard",
  "ui_trophie_name_4Hard": "Act 4 Hard",
  "ui_trophie_name_5Hard": "Act 5 Hard",
  "ui_trophie_name_6Hard": "Act 6 Hard",
  "ui_trophie_name_7Hard": "Act 7 Hard",
  "ui_trophie_name_8Hard": "Act 8 Hard",
  "ui_trophie_name_9Hard": "Act 9 Hard",
  "ui_trophie_name_11": "Mine !",
  "ui_trophie_name_12": "Thanks Box !",
  "ui_trophie_name_13": "It's the Climb !",
  "ui_trophie_name_14": "Between a Saw",
  "ui_trophie_name_15": "Leap of Faith",
  "ui_trophie_name_16": "Keychain",
  "ui_trophie_name_17": "Take the Plunge",
  "ui_trophie_name_18": "Lights Out !",
  "ui_trophie_name_19": "Outside the Box",
  "ui_trophie_name_20": "Inside the Box",
  "ui_trophie_name_21": "One Step At A Time",
  "ui_trophie_name_22": "Double Down",
  "ui_trophie_name_23": "Third's the Charm",
  "ui_trophie_name_24": "Fantastic Four",
  "ui_trophie_name_25": "High Five",
  "ui_trophie_name_26": "Demon",
  "ui_trophie_name_27": "You're Lucky",
  "ui_trophie_name_28": "Eight Times the Champ",
  "ui_trophie_name_29": "Nine Lives",
  "ui_trophie_name_30": "Perfect !",
  "ui_trophie_name_31": "Gasping",
  "ui_trophie_name_32": "Time Flies V2.0",
  "ui_trophie_name_33": "Heads Up",
  "ui_trophie_name_34": "Death Tycoon",
  "ui_trophie_name_35": "Olympian",
  "ui_trophie_name_36": "Perfectionist",
  "ui_trophie_name_37": "Astronomer",
  "ui_trophie_name_38": "Winner",
  "ui_trophie_name_39": "Challenger",
  "ui_trophie_name_40": "Extrem",
  "ui_trophie_name_41": "Extrem",
  "ui_trophie_name_42": "Extrem",
  "ui_trophie_name_43": "Extrem",
  "ui_trophie_name_44": "Extrem",
  "ui_trophie_name_45": "Extrem",
  "ui_trophie_name_46": "Extrem",
  "ui_trophie_name_47": "Extrem",
  "ui_trophie_name_48": "Extrem",
  "ui_trophie_description_1": "Complete Act 1 to any ranking",
  "ui_trophie_description_2": "Complete Act 2 to any ranking",
  "ui_trophie_description_3": "Complete Act 3 to any ranking",
  "ui_trophie_description_4": "Complete Act 4 to any ranking",
  "ui_trophie_description_5": "Complete Act 5 to any ranking",
  "ui_trophie_description_6": "Complete Act 6 to any ranking",
  "ui_trophie_description_7": "Complete Act 7 to any ranking",
  "ui_trophie_description_8": "Complete Act 8 to any ranking",
  "ui_trophie_description_9": "Complete Act 9 to any ranking",
  "ui_trophie_description_10": "Complete the Vexation to any ranking",
  "ui_trophie_description_11": "Grab the hidden star on Act 1",
  "ui_trophie_description_12": "Grab the hidden star on Act 2",
  "ui_trophie_description_13": "Grab the hidden star on Act 3",
  "ui_trophie_description_14": "Grab the hidden star on Act 4",
  "ui_trophie_description_15": "Grab the hidden star on Act 5",
  "ui_trophie_description_16": "Grab the hidden star on Act 6",
  "ui_trophie_description_17": "Grab the hidden star on Act 7",
  "ui_trophie_description_18": "Grab the hidden star on Act 8",
  "ui_trophie_description_19": "Grab the hidden star on Act 9",
  "ui_trophie_description_20": "Grab the hidden star on the Vexation",
  "ui_trophie_description_21": "Complete Challenge Mode for Act 1",
  "ui_trophie_description_22": "Complete Challenge Mode for Act 2",
  "ui_trophie_description_23": "Complete Challenge Mode for Act 3",
  "ui_trophie_description_24": "Complete Challenge Mode for Act 4",
  "ui_trophie_description_25": "Complete Challenge Mode for Act 5",
  "ui_trophie_description_26": "Complete Challenge Mode for Act 6",
  "ui_trophie_description_27": "Complete Challenge Mode for Act 7",
  "ui_trophie_description_28": "Complete Challenge Mode for Act 8",
  "ui_trophie_description_29": "Complete Challenge Mode for Act 9",
  "ui_trophie_description_30": "Complete any Act with Perfect ranking",
  "ui_trophie_description_31": "Surface from swimming with one bubble left",
  "ui_trophie_description_32": "Play the game for over one hour",
  "ui_trophie_description_33": "Get crushed by a pushable block",
  "ui_trophie_description_34": "Get over 100 total deaths",
  "ui_trophie_description_35": "Achieve Gold or better on every Act",
  "ui_trophie_description_36": "Achieve Perfect or better on every Act",
  "ui_trophie_description_37": "Collect every star in the game",
  "ui_trophie_description_38": "Complete every Act in Challenge Mode",
  "ui_trophie_description_39": "Complete the Challenge room",
  "ui_options_title": "Options",
  "ui_options_music": "Music",
  "ui_options_sound": "Sound",
  "ui_options_enable": "ON",
  "ui_options_disable": "OFF",
  "ui_options_auto_save": "Auto reset when best time passed",
  "ui_level_complet_title": "Level Complete",
  "ui_gp_hub_name_title": "Your Time",
  "ui_gp_rank_gold": "Gold",
  "ui_gp_rank_silver": "Silver",
  "ui_gp_rank_bronze": "Bronze",
  "ui_gp_challenge_floor": "FLOOR",
  "ui_act_select_title": "Act Select",
  "ui_gp_challenge_floors": "Floors",
  "ui_gp_challenge_room": "CHALLENGE ROOM",
  "ui_gp_challenge_time": "Your Time",
  "ui_achievement_title": "Achievements unlocked!",
  "act_select_hard": "Hard mode",
  "hell_locked": "LOCKED",

  "pressDown": "Press Down To Enter",
  "pressDownStage": "Press Down To Enter Stage",
  "checkpoint": "CHECKPOINT!",

  "death0_1": "Spiked!",
  "death0_2": "Popped!",
  "death1_1": "Splattered!",
  "death1_2": "Hard landing!",
  "death2_1": "Shredded!",
  "death2_2": "Buzzkill!",
  "death2_3": "Sawed to bits!",
  "death3_1": "Crushed!",
  "death3_2": "Squashed!",
  "death3_3": "Too compressed!",
  "death4_1": "Lungs collapsed!",
  "death4_2": "Drowned!",
  "death4_3": "Sleeping with no fishes...!",
  "death5_1": "Fell out the world!",
  "death5_2": "Straight to hell.!",
  "death5_3": "Fell too far!",
  "death6_1": "No entry!",
  "death7_1": "Squished.",
  "death7_2": "Squashed.",
  "death7_3": "Crushed.",
  "death8_1": "Reaped.",
  "death8_2": "Scythed.",
  "death8_3": "Grim death.",
  "death8_4": "Decapitated.",
  "death9_1": "Tried shurikenjutsu!",
  "death9_2": "Bad ninja!",
  "death9_3": "Sliced and diced!",
  "death10_1": "Death four-ways!",
  "death10_2": "Sliced and diced!",
  "death11_1": "Electrocuted!",
  "death11_2": "Sparked out!",
  "death11_3": "Shocking.",
  "death12_1": "Crushed!",
  "death12_2": "Squashed!",
  "death12_3": "Too compressed!",
  "death13_1": "Swiped.",
  "death13_2": "Rushed off your feet.",
  "death13_3": "Ripped to bits",
  "death14_1": "Obliterated!",
  "death14_2": "Splasered!",
  "death14_3": "Fried vexman!",
  "death15_1": "Surprised spiked!",
  "death15_2": "Penetrated!",
  
  "tf1":"Welcome back to [0]VEX[0]",
  "tf2":"Press [1]down[1] to enter [1]Act1[1]",
  "tf3":"With the [0]kite[0] you can fly!",
  "tf4":"Use the torch to blow up TNT!",
  "tf5":"Don’t touch the water or you will lose your torch",
  "tf6":"Play new [2]acts[2] by standing on their act [2]block[2]",
  "tf7":"Jump from [3]side to side[3] to get up",
  "tf8":"Lets recap from [2]Vex2[2]",
  "tf9":"Watch out! Grey blocks turn on and off",
  "tf10":"[2]Follow[2] the [2]arrows[2] to reach the end",
  "tf11":"While running, [2]hold down[2] to [2]slide[2]!",
  "tf12":"Like before, [4]purple[4] blocks are quite [4]weak[4]",
  "tf13":"Move with the [5]arrowkeys[5] or [5]WASD[5]",
  "tf13Mob":"Touch The [5]Arrows[5] to [5]MOVE[5]",
  "tf14":"[6]Orange[6] blocks bounce you really high!",
  "tf15":"You can grab a pole to slide up and down",
  "tf16":"These portals teleport you to another place on the map",
  "tf18":"You're [2]doing well[2] so far!",
  "tf19":"Watch out, [7]long falls[7] can kill you!",
  "tf20":"Look out, your [8]breath[8] is running out! Swim by [8]moving forward[8] in the way you're facing",
  "tf21":"[9]Brown[9] blocks can be [8]pushed[8] either way!",
  "tf22":"[8]Press down[8] on a trapped block to [8]kick it[8] out",
  "tf23":"[10]Jump[10] while in the [11]red[11] section to swing forward",
  "tf24":"[10]Jumping[10] in the [12]blue section[12] swings your further",
  "tf25":"[10]Change direction[10] of your swing using [10]left[10] or [10]right[10]",
  "tf26":"[13]Ice[13] is [13]slippery[13] and [13]melts[13] over time!",
  "tf27":"[10]Hold down[10] in mid-air to [10]kick[10] and smash [14]glass[14]",
  "tf28":"[15]Speed block[15] move you in the direction shown!",
  "tf29":"To beat [15]lasers[15] you must be fast!  Try use your [16]kick ability[16] by [16]holding down[16] mid-air",
  "tf30":"Use [10]keys[10] to unlock [17]locked blocks[17]",
  "tf31":"The [18]portal[18] is at the end of the [19]locked blocks[19]!",
  "tf32":"You must [20]find[20] the [10]keys[10]!",
  "tf33":"[3]Hop[3] in the [21]cannon[21] and [3]press up[3] when you want to be fired!",
  "tf34":"These small bubbles [22]recharge[22] your breathe underwater!",
  "tf35":"Watch out for the spark around the edge",
  "tf36":"[25]Solar blocks[25] disappear when the [26]light[26] are off!",
  "tf37":"If a spark touches the water it becomes electrified",
  "tf38":"Thank you for playing [29]Vex 3[29]! You're almost done...",
  "tf39":"[30]Pink[30] blocks go [31]invisible[31] the closer you get",
  "tf40":"[11]Red[11] keys disappear after 5 seconds",
  "tf41":"You can [32]look around[32] the stage while [32]standing still[32]",
  "tf42":"This is it, the [33]final test[33]. If the wire beats you to the end, you'll have to [33]redo the entire act[33]!",
  "tf43":"Wrong way, silly!",
  "tf44":"Good job! Now go find the [34]next act[34]",
  "tf45":"Obtain [35]3 stars[35] in [35]Act 1[35] to unlock [35]Hard mode[35]"
}