{
  "yes": "Sí",
  "no": "NO",
  "youOk": "ESTÁS BIEN?",
  "retry":"REINTENTAR",
  "deaths": "Muertes",
  "totalDeaths": "Muertes totales",
  "perfect": "PERFECTO",
  "gold": "ORO",
  "silver": "PLATA",
  "bronze": "BRONCE",
  "cleared":"BORRADO",
  
  "language": "Idioma",
  "ui_mm_start": "Jugar",
  "ui_trophie_title": "Trofeos",
  "ui_trophie_section1_title": "Actos estándar",
  "ui_trophie_section2_title": "Hardcore",
  "ui_trophie_section3_title": "Cosas Increíbles",
  "ui_trophie_section4_title": "Finalización",
  "ui_trophie_name_0": "desafío",
  "ui_trophie_name_1": "Acto 1",
  "ui_trophie_name_2": "Acto 2",
  "ui_trophie_name_3": "Acto 3",
  "ui_trophie_name_4": "Acto 4",
  "ui_trophie_name_5": "Acto 5",
  "ui_trophie_name_6": "Acto 6",
  "ui_trophie_name_7": "Acto 7",
  "ui_trophie_name_8": "Acto 8",
  "ui_trophie_name_9": "Acto 9",
  "ui_trophie_name_10": "Ofensa",
  "ui_trophie_name_hub": "Centro de nivel",
  "ui_trophie_name_1Hard": "Acto 1 Difícil",
  "ui_trophie_name_2Hard": "Acto 2 Difícil",
  "ui_trophie_name_3Hard": "Acto 3 Difícil",
  "ui_trophie_name_4Hard": "Acto 4 Difícil",
  "ui_trophie_name_5Hard": "Acto 5 Difícil",
  "ui_trophie_name_6Hard": "Acto 6 Difícil",
  "ui_trophie_name_7Hard": "Acto 7 Difícil",
  "ui_trophie_name_8Hard": "Acto 8 Difícil",
  "ui_trophie_name_9Hard": "Acto 9 Difícil",
  "ui_trophie_name_11": "¡Mía!",
  "ui_trophie_name_12": "¡Gracias Jefe!",
  "ui_trophie_name_13": "¡Es la subida!",
  "ui_trophie_name_14": "Entre una sierra",
  "ui_trophie_name_15": "Salto de fe",
  "ui_trophie_name_16": "Llavero",
  "ui_trophie_name_17": "Dar el paso",
  "ui_trophie_name_18": "\"¡Apagad las luces!",
  "ui_trophie_name_19": "Fuera de la caja",
  "ui_trophie_name_20": "Dentro de la caja",
  "ui_trophie_name_21": "Paso a paso",
  "ui_trophie_name_22": "Doble o nada",
  "ui_trophie_name_23": "A la tercera es la vencida",
  "ui_trophie_name_24": "Los Cuatro Fantásticos",
  "ui_trophie_name_25": "Choca esas cinco",
  "ui_trophie_name_26": "Demonio",
  "ui_trophie_name_27": "Tienes suerte",
  "ui_trophie_name_28": "Ocho veces campeón",
  "ui_trophie_name_29": "Nueve vidas",
  "ui_trophie_name_30": "¡Perfecto!",
  "ui_trophie_name_31": "Jadeando",
  "ui_trophie_name_32": "El Tiempo Vuela V2.0",
  "ui_trophie_name_33": "Mira para arriba",
  "ui_trophie_name_34": "Magnate de la Muerte",
  "ui_trophie_name_35": "Olímpico",
  "ui_trophie_name_36": "Perfeccionista",
  "ui_trophie_name_37": "Astrónomo",
  "ui_trophie_name_38": "Ganador",
  "ui_trophie_name_39": "Retador",
  "ui_trophie_name_40": "Extremo",
  "ui_trophie_name_41": "Extremo",
  "ui_trophie_name_42": "Extremo",
  "ui_trophie_name_43": "Extremo",
  "ui_trophie_name_44": "Extremo",
  "ui_trophie_name_45": "Extremo",
  "ui_trophie_name_46": "Extremo",
  "ui_trophie_name_47": "Extremo",
  "ui_trophie_name_48": "Extremo",
  "ui_trophie_description_1": "Completa el Acto 1 en cualquier clasificación",
  "ui_trophie_description_2": "Completa el Acto 2 en cualquier clasificación",
  "ui_trophie_description_3": "Completa el Acto 3 en cualquier clasificación",
  "ui_trophie_description_4": "Completa el Acto 4 en cualquier clasificación",
  "ui_trophie_description_5": "Completa el Acto 5 en cualquier clasificación",
  "ui_trophie_description_6": "Completa el Acto 6 en cualquier clasificación",
  "ui_trophie_description_7": "Completa el Acto 7 en cualquier clasificación",
  "ui_trophie_description_8": "Completa el Acto 8 en cualquier clasificación",
  "ui_trophie_description_9": "Completa el Acto 9 en cualquier clasificación",
  "ui_trophie_description_10": "Completa la Ofensa en cualquier clasificación",
  "ui_trophie_description_11": "Coge la estrella oculta en el Acto 1",
  "ui_trophie_description_12": "Coge la estrella oculta en el Acto 2",
  "ui_trophie_description_13": "Coge la estrella oculta en el Acto 3",
  "ui_trophie_description_14": "Coge la estrella oculta en el Acto 4",
  "ui_trophie_description_15": "Coge la estrella oculta en el Acto 5",
  "ui_trophie_description_16": "Coge la estrella oculta en el Acto 6",
  "ui_trophie_description_17": "Coge la estrella oculta en el Acto 7",
  "ui_trophie_description_18": "Coge la estrella oculta en el Acto 8",
  "ui_trophie_description_19": "Coge la estrella oculta en el Acto 9",
  "ui_trophie_description_20": "Coge la estrella oculta en la 'Vexation' (Ofensa)",
  "ui_trophie_description_21": "Completa el Modo Desafío para el Acto 1",
  "ui_trophie_description_22": "Completa el Modo Desafío para el Acto 2",
  "ui_trophie_description_23": "Completa el Modo Desafío para el Acto 3",
  "ui_trophie_description_24": "Completa el Modo Desafío para el Acto 4",
  "ui_trophie_description_25": "Completa el Modo Desafío para el Acto 5",
  "ui_trophie_description_26": "Completa el Modo Desafío para el Acto 6",
  "ui_trophie_description_27": "Completa el Modo Desafío para el Acto 7",
  "ui_trophie_description_28": "Completa el Modo Desafío para el Acto 8",
  "ui_trophie_description_29": "Completa el Modo Desafío para el Acto 9",
  "ui_trophie_description_30": "Completa cualquier acto con una clasificación perfecta",
  "ui_trophie_description_31": "Sal a flote con una burbuja restante",
  "ui_trophie_description_32": "Juega durante más de una hora",
  "ui_trophie_description_33": "Que te aplaste un bloque móvil",
  "ui_trophie_description_34": "Supera 100 muertes en total",
  "ui_trophie_description_35": "Consigue el oro, o mejor, en cada acto",
  "ui_trophie_description_36": "Logra la perfección, o mejor, en cada acto",
  "ui_trophie_description_37": "Recoge todas las estrellas del juego",
  "ui_trophie_description_38": "Completa todos los actos en el Modo Desafío",
  "ui_trophie_description_39": "Completa la Sala de Desafíos",
  "ui_options_title": "Opciones",
  "ui_options_music": "Música",
  "ui_options_sound": "Sonido",
  "ui_options_enable": "ENCENDIDO",
  "ui_options_disable": "APAGADO",
  "ui_options_auto_save": "Reinicio automático cuando se supere el  mejor tiempo",
  "ui_level_complet_title": "Nivel completado",
  "ui_gp_hub_name_title": "Tu tiempo",
  "ui_gp_rank_gold": "Oro",
  "ui_gp_rank_silver": "Plata",
  "ui_gp_rank_bronze": "Bronce",
  "ui_gp_challenge_floor": "PISO",
  "ui_act_select_title": "Seleccionar acto",
  "ui_gp_challenge_floors": "Pisos",
  "ui_gp_challenge_room": "Sala de Desafíos",
  "ui_gp_challenge_time": "Tu tiempo",
  "ui_achievement_title": "¡Logros desbloqueados!",
  "act_select_hard": "Modo difícil",
  "hell_locked": "BLOQUEADO",

  "pressDown": "Presiona hacia abajo para entrar",
  "pressDownStage": "Presiona hacia abajo para entrar en el escenario",
  "checkpoint": "Control",

  "death0_1": "¡Pinchado!",
  "death0_2": "¡Reventado!",
  "death1_1": "¡Salpicado!",
  "death1_2": "¡Aterrizaje forzoso!",
  "death2_1": "¡Triturado!",
  "death2_2": "¡Corte de rollo!",
  "death2_3": "¡Cortado en pedacitos!",
  "death3_1": "¡Machacado!",
  "death3_2": "¡Aplastado!",
  "death3_3": "¡Demasiado comprimido!",
  "death4_1": "¡Pulmones colapsados!",
  "death4_2": "¡Ahogado!",
  "death4_3": "¡Durmiendo con los peces ...!",
  "death5_1": "¡Al garete!",
  "death5_2": "¡Directo al infierno!",
  "death5_3": "¡Cayó demasiado lejos!",
  "death6_1": "¡No se puede entrar!",
  "death7_1": "Aplastado",
  "death7_2": "¡Aplastado!",
  "death7_3": "¡Machacado!",
  "death8_1": "Segado",
  "death8_2": "Guadañado",
  "death8_3": "Muerte sombría",
  "death8_4": "Decapitado",
  "death9_1": "¡probó el shurikenjutsu!",
  "death9_2": "¡Ninja malo!",
  "death9_3": "¡En rodajas y en cubitos!",
  "death10_1": "¡Muerte por los cuatro costados!",
  "death10_2": "¡En rodajas y en cubitos!",
  "death11_1": "¡Electrocutado!",
  "death11_2": "¡Chispeado!",
  "death11_3": "Electrizante.",
  "death12_1": "¡Machacado!",
  "death12_2": "¡Aplastado!",
  "death12_3": "¡Demasiado comprimido!",
  "death13_1": "Barrido.",
  "death13_2": "Apresurado.",
  "death13_3": "Hecho pedazos",
  "death14_1": "¡Arrasado!",
  "death14_2": "¡Salpicado!",
  "death14_3": "¡Frito con recochineo!",
  "death15_1": "¡Pinchado por sorpresa!",
  "death15_2": "¡Perforado!",

  "tf1":"Bienvenido de nuevo a [0]VEX[0]",
  "tf2":"Presiona [1]hacia abajo[1] para entrar en el [1] Acto 1[1]",
  "tf3":"¡Puedes volar con la [0]cometa[0]!",
  "tf4":"¡Usa la antorcha para hacer estallar el TNT!",
  "tf5":"No toques el agua o perderás la antorcha",
  "tf6":"Juega nuevos [2]actos[2] parándote en su bloque de [2]acto[2]",
  "tf7":"Salta de [3]un lado a otro[3] para levantarte",
  "tf8":"Recapitulemos desde [2]Vex 2[2]",
  "tf9":"¡Cuidado! Los bloques grises se encienden y apagan",
  "tf10":"[2]Sigue[2] las [2]flechas[2] para llegar al final",
  "tf11":"¡Mientras corres, [2]mantén pulsado[2] para [2]deslizar[2]!",
  "tf12":"Como antes, los bloques [4]morados[4] son bastante [4]débiles[4]",
  "tf13":"Muévete con las [5]teclas de flecha[5] o [5]WASD[5]",
  "tf13Mob":"Toca las [5]flechas[5] para [5]MOVERTE[5]",
  "tf14":"¡Los bloques [6]naranja[6] hacen que botes muy alto!",
  "tf15":"Puedes agarrar un poste para deslizarte hacia arriba y hacia abajo",
  "tf16":"Estos portales te teletransportan a otro lugar en el mapa",
  "tf18":"¡Lo estás [2]haciendo bien[2] por el momento!",
  "tf19":"¡Cuidado!, [7]las caídas largas[7] pueden matarte",
  "tf20":"¡Cuidado!, te quedas sin [8]respiración[8] Nada [8]avanzando[8] en la dirección que encaras",
  "tf21":"¡Los bloques [9]marrones[9] se pueden [8]empujar[8] de cualquier manera!",
  "tf22":"[8]Presiona hacia abajo[8] en un bloque atrapado para [8]sacarlo[8] ",
  "tf23":"[10]Salta[10] mientras estás en la sección [11]roja[11] para balancearte hacia adelante",
  "tf24":"[10]Saltar[10] en la [12]sección azul[12] te balancea aún más",
  "tf25":"[10]Cambia la dirección[10] de tu balanceo usando [10]izquierda[10] o [10]derecha[10]",
  "tf26":"¡El [13]hielo[13] es [13]resbaladizo[13] y [13]se derrite[13] con el tiempo!",
  "tf27":"[10]Mantén pulsado[10] en el aire para [10]patear[10] y romper [14]cristal[14]",
  "tf28":"¡El [15]bloque de velocidad[15] te mueve en la dirección que se muestra!",
  "tf29":"¡Para vencer a los [15]láseres[15] tienes que ser rápido!  Intenta usar tu [16]habilidad de patada[16] [16]manteniendo presionado[16] en el aire",
  "tf30":"Usa [10]teclas[10] para desbloquear [17]bloques bloqueados[17]",
  "tf31":"El [18]portal[18] está al final de los [19]bloques bloqueados[19].",
  "tf32":"¡Debes [20]encontrar[20] las [10]llaves [10]!",
  "tf33":"¡[3]Salta[3] en el [21]cañón[21] y [3]presiona hacia arriba[3] cuando quieras que te disparen!",
  "tf34":"¡Estas pequeñas burbujas [22]recargan[22] tu respiración bajo el agua!",
  "tf35":"Cuidado con la chispa alrededor del borde",
  "tf36":"¡[25]Los bloques solares[25] desaparecen cuando la [26]luz[26] está apagada!",
  "tf37":"Si una chispa toca el agua, se electrifica",
  "tf38":"¡Gracias por jugar a [29]Vex 3[29]! Casi has terminado...",
  "tf39":"Los bloques [30]rosas[30] se vuelven [31]invisibles[31] cuanto más te acercas",
  "tf40":"Las teclas [11]rojas[11] desaparecen después de 5 segundos",
  "tf41":"Puedes [32]echar un vistazo[32] por el escenario mientras [32]estás quieto [32]",
  "tf42":"Aquí esta, la [33]prueba final[33]. Si el cable te golpea hasta el final, ¡tendrás que [33]volver a repetir todo el acto[33].",
  "tf43":"¡Camino equivocado, tonto!",
  "tf44":"¡Buen trabajo! Ahora ve a buscar el [34]siguiente acto[34]",
  "tf45":"Obtén [35]3 estrellas[35] en el [35]Acto 1[35] para desbloquear el [35]modo difícil[35]"
}