{
  "no": "HayIr",
  "yes": "Evet",
  "retry":"YENİDEN DENE",
  "youOk": "İyi misin?",
  "deaths": "Ölümler",
  "totalDeaths": "Toplam ölüm",
  "perfect": "MÜTHİŞ",
  "gold": "ALTIN",
  "silver": "GÜMÜŞ",
  "bronze": "BRONZ",
  "cleared":"TEMİZLENDİ",
  
  "language": "Dil",
  "ui_mm_start": "Oyun Oyna",
  "ui_trophie_title": "Kupalar",
  "ui_trophie_section1_title": "Standart Görevler",
  "ui_trophie_section2_title": "Temel",
  "ui_trophie_section3_title": "Harika Şeyler",
  "ui_trophie_section4_title": "Tamamlama",
  "ui_trophie_name_0": "meydan okuma",
  "ui_trophie_name_1": "Görev 1",
  "ui_trophie_name_2": "Görev 2",
  "ui_trophie_name_3": "Görev 3",
  "ui_trophie_name_4": "Görev 4",
  "ui_trophie_name_5": "Görev 5",
  "ui_trophie_name_6": "Görev 6",
  "ui_trophie_name_7": "Görev 7",
  "ui_trophie_name_8": "Görev 8",
  "ui_trophie_name_9": "Görev 9",
  "ui_trophie_name_10": "Vexation",
  "ui_trophie_name_hub": "Seviye Merkezi",
  "ui_trophie_name_1Hard": "Görev 1 Zor",
  "ui_trophie_name_2Hard": "Görev 2 Zor",
  "ui_trophie_name_3Hard": "Görev 3 Zor",
  "ui_trophie_name_4Hard": "Görev 4 Zor",
  "ui_trophie_name_5Hard": "Görev 5 Zor",
  "ui_trophie_name_6Hard": "Görev 6 Zor",
  "ui_trophie_name_7Hard": "Görev 7 Zor",
  "ui_trophie_name_8Hard": "Görev 8 Zor",
  "ui_trophie_name_9Hard": "Görev 9 Zor",
  "ui_trophie_name_11": "Maden!",
  "ui_trophie_name_12": "Teşekkür Kutusu!",
  "ui_trophie_name_13": "Tırmanış budur!",
  "ui_trophie_name_14": "Testere",
  "ui_trophie_name_15": "İnancını Yitirme",
  "ui_trophie_name_16": "Anahtarlık",
  "ui_trophie_name_17": "Riske Gir",
  "ui_trophie_name_18": "Işıklar Söndü!",
  "ui_trophie_name_19": "Kutunun Dışında",
  "ui_trophie_name_20": "Kutunun İçinde",
  "ui_trophie_name_21": "Adım Adım",
  "ui_trophie_name_22": "Katla",
  "ui_trophie_name_23": "Üçün Cazibesi",
  "ui_trophie_name_24": "Fantastik Dört",
  "ui_trophie_name_25": "Beşlik",
  "ui_trophie_name_26": "Şeytan",
  "ui_trophie_name_27": "Şanslısın",
  "ui_trophie_name_28": "Sekiz Kere Şampiyon",
  "ui_trophie_name_29": "Dokuz Canlı",
  "ui_trophie_name_30": "Mükemmel!",
  "ui_trophie_name_31": "Nefes nefese",
  "ui_trophie_name_32": "Zaman Uçuyor V2.0",
  "ui_trophie_name_33": "Dikkat Et",
  "ui_trophie_name_34": "Ölüm Komutanı",
  "ui_trophie_name_35": "Olimpiyatçı",
  "ui_trophie_name_36": "Mükemmeliyetçi",
  "ui_trophie_name_37": "Astronom",
  "ui_trophie_name_38": "Kazanan",
  "ui_trophie_name_39": "Meydan Okuyan",
  "ui_trophie_name_40": "Ekstrem",
  "ui_trophie_name_41": "Ekstrem",
  "ui_trophie_name_42": "Ekstrem",
  "ui_trophie_name_43": "Ekstrem",
  "ui_trophie_name_44": "Ekstrem",
  "ui_trophie_name_45": "Ekstrem",
  "ui_trophie_name_46": "Ekstrem",
  "ui_trophie_name_47": "Ekstrem",
  "ui_trophie_name_48": "Ekstrem",
  "ui_trophie_description_1": "Görev 1'i herhangi bir sıralamada tamamla",
  "ui_trophie_description_2": "Görev 2'yi herhangi bir sıralamada tamamla",
  "ui_trophie_description_3": "Görev 3'ü herhangi bir sıralamada tamamla",
  "ui_trophie_description_4": "Görev 4'ü herhangi bir sıralamada tamamla",
  "ui_trophie_description_5": "Görev 5'i herhangi bir sıralamada tamamla",
  "ui_trophie_description_6": "Görev 6'yı herhangi bir sıralamada tamamla",
  "ui_trophie_description_7": "Görev 7'yi herhangi bir sıralamada tamamla",
  "ui_trophie_description_8": "Görev 8'i herhangi bir sıralamada tamamla",
  "ui_trophie_description_9": "Görev 9'u herhangi bir sıralamada tamamla",
  "ui_trophie_description_10": "Vexation'ı herhangi bir sıralamada tamamla",
  "ui_trophie_description_11": "Görev 1'de gizli yıldızı al",
  "ui_trophie_description_12": "Görev 2'de gizli yıldızı al",
  "ui_trophie_description_13": "Görev 3'te gizli yıldızı al",
  "ui_trophie_description_14": "Görev 4'te gizli yıldızı al",
  "ui_trophie_description_15": "Görev 5'te gizli yıldızı al",
  "ui_trophie_description_16": "Görev 6'da gizli yıldızı al",
  "ui_trophie_description_17": "Görev 7'de gizli yıldızı al",
  "ui_trophie_description_18": "Görev 8'de gizli yıldızı al",
  "ui_trophie_description_19": "Görev 9'da gizli yıldızı al",
  "ui_trophie_description_20": "Vexation'da gizli yıldızı al",
  "ui_trophie_description_21": "Görev 1 için Meydan Okuma Modunu Tamamla",
  "ui_trophie_description_22": "Görev 2 için Meydan Okuma Modunu Tamamla",
  "ui_trophie_description_23": "Görev 3 için Meydan Okuma Modunu Tamamla",
  "ui_trophie_description_24": "Görev 4 için Meydan Okuma Modunu Tamamla",
  "ui_trophie_description_25": "Görev 5 için Meydan Okuma Modunu Tamamla",
  "ui_trophie_description_26": "Görev 6 için Meydan Okuma Modunu Tamamla",
  "ui_trophie_description_27": "Görev 7 için Meydan Okuma Modunu Tamamla",
  "ui_trophie_description_28": "Görev 8 için Meydan Okuma Modunu Tamamla",
  "ui_trophie_description_29": "Görev 9 için Meydan Okuma Modunu Tamamla",
  "ui_trophie_description_30": "İstediğin bir Görevi Mükemmel sıralama ile tamamla",
  "ui_trophie_description_31": "Tek baloncuk bırakarak yüzeye çık",
  "ui_trophie_description_32": "Oyunu bir saatten fazla oyna",
  "ui_trophie_description_33": "İtilebilir bir blok tarafından ezil",
  "ui_trophie_description_34": "100'den fazla ölüm",
  "ui_trophie_description_35": "Her Görevde Altın veya daha iyisini kazan",
  "ui_trophie_description_36": "Her Görevde Mükemmel veya daha iyisini kazan",
  "ui_trophie_description_37": "Oyundaki her yıldızı topla",
  "ui_trophie_description_38": "Meydan Okuma Modunda her Görevi tamamla",
  "ui_trophie_description_39": "Meydan Okuma odasını tamamla",
  "ui_options_title": "Seçenekler",
  "ui_options_music": "Müzik",
  "ui_options_sound": "Ses",
  "ui_options_enable": "AÇIK",
  "ui_options_disable": "KAPALI",
  "ui_options_auto_save": "En iyi süre geçildiğinde otomatik sıfırlama",
  "ui_level_complet_title": "Seviye Tamamlandı",
  "ui_gp_hub_name_title": "Süren",
  "ui_gp_rank_gold": "Altın",
  "ui_gp_rank_silver": "Gümüş",
  "ui_gp_rank_bronze": "Bronz",
  "ui_gp_challenge_floor": "KAT",
  "ui_act_select_title": "Görev Seçimi",
  "ui_gp_challenge_floors": "Katlar",
  "ui_gp_challenge_room": "Meydan Okuma Odası",
  "ui_gp_challenge_time": "Süren",
  "ui_achievement_title": "Başarıların kilidi açıldı!",
  "act_select_hard": "Zor mod",
  "hell_locked": "KİLİTLİ",

  "pressDown": "Girmek için tıkla",
  "pressDownStage": "Girmek için bas",
  "checkpoint": "Kontrol noktası",

  "death0_1": "Çivili!",
  "death0_2": "Patladı!",
  "death1_1": "Sıçradı!",
  "death1_2": "Sert İniş!",
  "death2_1": "Parçalandı!",
  "death2_2": "Oyunbozan!",
  "death2_3": "Parçalara ayrıldı!",
  "death3_1": "Unufak oldu!",
  "death3_2": "Mahvoldu!",
  "death3_3": "Suyu çıktı!",
  "death4_1": "Akciğerler çöktü!",
  "death4_2": "Boğuldu!",
  "death4_3": "Huzur içinde uyu…!",
  "death5_1": "Dünyadan göçtü!",
  "death5_2": "Straight to hell!",
  "death5_3": "Çok uzağa düştü!",
  "death6_1": "Giriş yok!",
  "death7_1": "Kıyma oldu",
  "death7_2": "Mahvoldu!",
  "death7_3": "Unufak oldu!",
  "death8_1": "Biçildi",
  "death8_2": "Doğrandı",
  "death8_3": "Korkunç Ölüm",
  "death8_4": "Kellesi Gitti",
  "death9_1": "Harakiri denedi!",
  "death9_2": "Kötü ninja!",
  "death9_3": "Dilim dilim oldu!",
  "death10_1": "Her yönden ölüm!",
  "death10_2": "Dilim dilim oldu!",
  "death11_1": "Çarpıldı!",
  "death11_2": "Ateş çıktı!",
  "death11_3": "Şok.",
  "death12_1": "Unufak oldu!",
  "death12_2": "Mahvoldu!",
  "death12_3": "Suyu çıktı!",
  "death13_1": "Eyvah.",
  "death13_2": "Topukladı.",
  "death13_3": "Parça pinçik oldu",
  "death14_1": "Yok oldu!",
  "death14_2": "Yazık oldu!",
  "death14_3": "Kızardı!",
  "death15_1": "Sürpriz!",
  "death15_2": "Delindi!",

  "tf1":"[0]VEX[0]'e tekrar hoş geldin",
  "tf2":"[1]Görev 1[1]'e girmek için [1]bas[1]",
  "tf3":"[0]Uçurtma[0] ile uçabilirsin!",
  "tf4":"Dinamit patlatmak için meşaleyi kullan!",
  "tf5":"Suya dokunma yoksa meşaleni kaybedersin",
  "tf6":"Görev [2]bloklarında[2] durarak yeni [2]görevler[2] oyna",
  "tf7":"Yukarı çıkmak için [3]yanlara[3] zıpla",
  "tf8":"[2]Vex2[2]'den özetleyelim",
  "tf9":"Dikkat et! Gri bloklar açılır ve kapanır",
  "tf10":"Sona ulaşmak için [2]okları[2] [2]takip et[2]",
  "tf11":"Koşarken [2]kaymak[2] için  [2]basılı tut[2]!",
  "tf12":"Daha önce olduğu gibi, [4]mor[4] bloklar oldukça [4]zayıf[4]",
  "tf13":"[5]Oklarla[5] veya [5]WASD[5] tuşlarıyla hareket et",
  "tf13Mob":"[5]HAREKET[5] etmek için [5]Okları[5] kullan",
  "tf14":"[6]Turuncu[6] bloklar seni gerçekten yükseğe fırlatır!",
  "tf15":"Yukarı ve aşağı kaymak için bir direk tutabilirsin",
  "tf16":"Bu portallar seni haritadaki başka bir yere ışınlar",
  "tf18":"[2]İyi gidiyorsun[2]!",
  "tf19":"Dikkat et, [7]uzun düşüşler[7] seni öldürebilir!",
  "tf20":"Dikkat et, [8]nefesin[8] tükeniyor! Baktığın yönde [8]ilerleyerek[8] yüz",
  "tf21":"[9]Kahverengi[9] bloklar her iki tarafa da [8]itilebilir[8]!",
  "tf22":"Sıkışmış bloğu [8]çıkarmak[8] için [8]bas[8]",
  "tf23":"İleri sallanmak için [11]kırmızı[11] bölümdeyken [10]zıpla[10]",
  "tf24":"[12]Mavi bölümde[12] [10]zıplamak[10] seni daha da ileri götürür",
  "tf25":"[10]Sol[10] veya [10]sağı[10] kullanarak sallanma [10]yönünü değiştir[10]",
  "tf26":"[13]Buz[13] [13]kaygandır[13] ve zamanla [13]erir[13]!",
  "tf27":"[10]Tekme atmak[10] ve [10]camı kırmak[10] için havada [14]basılı tut[14]",
  "tf28":"[15]Hız bloğu[15] seni gösterilen yönde hareket ettirir!",
  "tf29":"[15]Lazerleri[15]  yenmek için hızlı olmalısın!  Havada basılı tutarak [16]tekme[16] özelliğini [16]kullan[16]",
  "tf30":"[17]Kilitli blokları[17] açmak için [10]anahtarları[10] kullan",
  "tf31":"[18]Portal[18] [19]kilitli blokların[19] sonunda!",
  "tf32":"[10]Anahtarları[10] [20]bulmalısın[20]!",
  "tf33":"[21]Topun[21] içine [3]gir[3] ve ateşlenmek istediğin zaman [3]yukarıya bas[3]!",
  "tf34":"Bu küçük kabarcıklar su altında nefesini [22]yeniler[22]!",
  "tf35":"Kenardaki kıvılcıma dikkat et",
  "tf36":"[26]Işıklar[26] kapandığında [25]güneş blokları[25] kaybolur!",
  "tf37":"Bir kıvılcım suya dokunursa elektriklenir",
  "tf38":"[29]Vex 3[29] oynadığın için teşekkürler! Bitmek üzere...",
  "tf39":"[30]Pembe[30] bloklar yaklaştıkça [31]görünmez[31] olur",
  "tf40":"[11]Kırmızı[11] anahtarlar 5 saniye sonra kaybolur",
  "tf41":"[32]Hareketsiz dururken[32] etrafa [32]bakabilirsin[32]",
  "tf42":"İşte bu, [33]son test[33]. Sonunda yenilirsen [33]tüm görevi baştan yapmalısın[33]!",
  "tf43":"Yanlış yoldasın!",
  "tf44":"Bravo! Şimdi [34]bir sonraki görevi[34] bul",
  "tf45":"[35]Zor modu[35] etkinleştirmek için [35]Görev 1[35]'de [35]3 yıldız kazan[35]"
}