{
  "yes": "Ja",
  "no": "Nee",
  "retry":"OPNIEUW PROBEREN",
  "youOk": "GAAT HET?",
  "deaths": "Doden",
  "totalDeaths": "Totaal aantal doden",
  "perfect": "PERFECT",
  "gold": "GOUD",
  "silver": "ZILVER",
  "bronze": "BRONS",
  "cleared":"VERWIJDERD",
  
  "language": "Taal",
  "ui_mm_start": "Spel spelen",
  "ui_trophie_title": "Trofeeën",
  "ui_trophie_section1_title": "Standaardacts",
  "ui_trophie_section2_title": "Hardcore",
  "ui_trophie_section3_title": "Geweldig spul",
  "ui_trophie_section4_title": "Voltooiing",
  "ui_trophie_name_0": "uitdaging",
  "ui_trophie_name_1": "Act 1",
  "ui_trophie_name_2": "Act 2",
  "ui_trophie_name_3": "Act 3",
  "ui_trophie_name_4": "Act 4",
  "ui_trophie_name_5": "Act 5",
  "ui_trophie_name_6": "Act 6",
  "ui_trophie_name_7": "Act 7",
  "ui_trophie_name_8": "Act 8",
  "ui_trophie_name_9": "Act 9",
  "ui_trophie_name_10": "Kwelling",
  "ui_trophie_name_hub": "Levelcentrum",
  "ui_trophie_name_1Hard": "Act 1 Moeilijk",
  "ui_trophie_name_2Hard": "Act 2 Moeilijk",
  "ui_trophie_name_3Hard": "Act 3 Moeilijk",
  "ui_trophie_name_4Hard": "Act 4 Moeilijk",
  "ui_trophie_name_5Hard": "Act 5 Moeilijk",
  "ui_trophie_name_6Hard": "Act 6 Moeilijk",
  "ui_trophie_name_7Hard": "Act 7 Moeilijk",
  "ui_trophie_name_8Hard": "Act 8 Moeilijk",
  "ui_trophie_name_9Hard": "Act 9 Moeilijk",
  "ui_trophie_name_11": "Mijn !",
  "ui_trophie_name_12": "Dank Box !",
  "ui_trophie_name_13": "Het is de Beklimming!",
  "ui_trophie_name_14": "Tussen een Zaag",
  "ui_trophie_name_15": "Sprong in het diepe",
  "ui_trophie_name_16": "Sleutelhanger",
  "ui_trophie_name_17": "Een duik nemen",
  "ui_trophie_name_18": "Lichten uit!",
  "ui_trophie_name_19": "Buiten de box",
  "ui_trophie_name_20": "Binnen de box",
  "ui_trophie_name_21": "Eén stap tegelijk",
  "ui_trophie_name_22": "Dubbelen",
  "ui_trophie_name_23": "Driemaal is scheepsrecht",
  "ui_trophie_name_24": "Kwartet",
  "ui_trophie_name_25": "High Five",
  "ui_trophie_name_26": "Demon",
  "ui_trophie_name_27": "Je hebt geluk",
  "ui_trophie_name_28": "Acht keer kampioen",
  "ui_trophie_name_29": "Negen levens",
  "ui_trophie_name_30": "Perfect !",
  "ui_trophie_name_31": "Naar adem snakkend",
  "ui_trophie_name_32": "Time Flies V2.0",
  "ui_trophie_name_33": "Heads up",
  "ui_trophie_name_34": "Death Tycoon",
  "ui_trophie_name_35": "Olympiër",
  "ui_trophie_name_36": "Perfectionist",
  "ui_trophie_name_37": "Astronoom",
  "ui_trophie_name_38": "Winnaar",
  "ui_trophie_name_39": "Uitdager",
  "ui_trophie_name_40": "Extreem",
  "ui_trophie_name_41": "Extreem",
  "ui_trophie_name_42": "Extreem",
  "ui_trophie_name_43": "Extreem",
  "ui_trophie_name_44": "Extreem",
  "ui_trophie_name_45": "Extreem",
  "ui_trophie_name_46": "Extreem",
  "ui_trophie_name_47": "Extreem",
  "ui_trophie_name_48": "Extreem",
  "ui_trophie_description_1": "Voer Act 1 uit bij elke stand",
  "ui_trophie_description_2": "Voer Act 2 uit bij elke stand",
  "ui_trophie_description_3": "Voer Act 3 uit bij elke stand",
  "ui_trophie_description_4": "Voer Act 4 uit bij elke stand",
  "ui_trophie_description_5": "Voer Act 5 uit bij elke stand",
  "ui_trophie_description_6": "Voer Act 6 uit bij elke stand",
  "ui_trophie_description_7": "Voer Act 7 uit bij elke stand",
  "ui_trophie_description_8": "Voer Act 8 uit bij elke stand",
  "ui_trophie_description_9": "Voer Act 9 uit bij elke stand",
  "ui_trophie_description_10": "Voer de Kwelling uit bij elke stand",
  "ui_trophie_description_11": "Pak de verborgen ster bij Act 1",
  "ui_trophie_description_12": "Pak de verborgen ster bij Act 2",
  "ui_trophie_description_13": "Pak de verborgen ster bij Act 3",
  "ui_trophie_description_14": "Pak de verborgen ster bij Act 4",
  "ui_trophie_description_15": "Pak de verborgen ster bij Act 5",
  "ui_trophie_description_16": "Pak de verborgen ster bij Act 6",
  "ui_trophie_description_17": "Pak de verborgen ster bij Act 7",
  "ui_trophie_description_18": "Pak de verborgen ster bij Act 8",
  "ui_trophie_description_19": "Pak de verborgen ster bij Act 9",
  "ui_trophie_description_20": "Pak de verborgen ster bij de Kwelling",
  "ui_trophie_description_21": "Voer Uitdagingsmodus uit voor Act 1",
  "ui_trophie_description_22": "Voer Uitdagingsmodus uit voor Act 2",
  "ui_trophie_description_23": "Voer Uitdagingsmodus uit voor Act 3",
  "ui_trophie_description_24": "Voer Uitdagingsmodus uit voor Act 4",
  "ui_trophie_description_25": "Voer Uitdagingsmodus uit voor Act 5",
  "ui_trophie_description_26": "Voer Uitdagingsmodus uit voor Act 6",
  "ui_trophie_description_27": "Voer Uitdagingsmodus uit voor Act 7",
  "ui_trophie_description_28": "Voer Uitdagingsmodus uit voor Act 8",
  "ui_trophie_description_29": "Voer Uitdagingsmodus uit voor Act 9",
  "ui_trophie_description_30": "Voer een willekeurige Act uit bij Perfecte stand",
  "ui_trophie_description_31": "Kom boven na zwemmen met één overgebleven bel",
  "ui_trophie_description_32": "Speel het spel meer dan een uur",
  "ui_trophie_description_33": "Word verpletterd door een duwbaar blok",
  "ui_trophie_description_34": "Krijg in totaal meer dan 100 doden",
  "ui_trophie_description_35": "Bereik Goud of beter bij iedere Act",
  "ui_trophie_description_36": "Bereik Perfect of beter bij iedere Act",
  "ui_trophie_description_37": "Verzamel iedere ster in het spel",
  "ui_trophie_description_38": "Voer iedere Act uit in Uitdagingsmodus",
  "ui_trophie_description_39": "Voltooi de Uitdagingskamer",
  "ui_options_title": "Opties",
  "ui_options_music": "Muziek",
  "ui_options_sound": "Geluid",
  "ui_options_enable": "AAN",
  "ui_options_disable": "UIT",
  "ui_options_auto_save": "Automatische reset wanneer beste tijd verstreken",
  "ui_level_complet_title": "Level voltooien",
  "ui_gp_hub_name_title": "Je tijd",
  "ui_gp_rank_gold": "Goud",
  "ui_gp_rank_silver": "Zilver",
  "ui_gp_rank_bronze": "Brons",
  "ui_gp_challenge_floor": "VERDIEPING",
  "ui_act_select_title": "Act selecteren",
  "ui_gp_challenge_floors": "Verdiepingen",
  "ui_gp_challenge_room": "Uitdagingskamer",
  "ui_gp_challenge_time": "Je tijd",
  "ui_achievement_title": "Prestaties ontgrendeld!",
  "act_select_hard": "Moeilijke modus",
  "hell_locked": "VERGRENDELD",

  "pressDown": "Druk op Omlaag Om binnen te gaan",
  "pressDownStage": "Druk op Omlaag om het toneel binnen te gaan",
  "checkpoint": "Controlepost",

  "death0_1": "Puntig!",
  "death0_2": "Geknapt!",
  "death1_1": "Gespetterd!",
  "death1_2": "Harde landing!",
  "death2_1": "Versnipperd!",
  "death2_2": "Spelbreker!",
  "death2_3": "Aan stukken gezaagd!",
  "death3_1": "Verpletterd!",
  "death3_2": "Geplet!",
  "death3_3": "Te veel samengedrukt!",
  "death4_1": "Longen ingeklapt!",
  "death4_2": "Verdronken!",
  "death4_3": "Slapen zonder vissen…!",
  "death5_1": "Viel uit de wereld!",
  "death5_2": "Recht naar de hel!",
  "death5_3": "Te ver gevallen!",
  "death6_1": "Geen toegang!",
  "death7_1": "Tot pulp geslagen",
  "death7_2": "Geplet!",
  "death7_3": "Verpletterd!",
  "death8_1": "Gemaaid",
  "death8_2": "Geskythed",
  "death8_3": "Wrede dood",
  "death8_4": "Onthoofd",
  "death9_1": "shurikenjutsu geprobeerd!",
  "death9_2": "Slechte ninja!",
  "death9_3": "Aan stukken gesneden!",
  "death10_1": "Dood op vier manieren!",
  "death10_2": "Aan stukken gesneden!",
  "death11_1": "Geëlektrocuteerd!",
  "death11_2": "Knock-out geslagen!",
  "death11_3": "Schokkend.",
  "death12_1": "Verpletterd!",
  "death12_2": "Geplet!",
  "death12_3": "Te veel samengedrukt!",
  "death13_1": "Geveegd.",
  "death13_2": "Onderuit gehaald.",
  "death13_3": "Aan stukken gescheurd",
  "death14_1": "Uitgewist!",
  "death14_2": "Gesplaserd!",
  "death14_3": "Gebakken vexman!",
  "death15_1": "Verrassend puntig!",
  "death15_2": "Binnengedrongen!",

  "tf1":"Welkom terug bij [0]VEX[0]",
  "tf2":"Druk[1][1] om [1]Act1[1] binnen te gaan",
  "tf3":"Met de [0]vlieger[0] kun je vliegen!",
  "tf4":"Gebruik de fakkel om TNT op te blazen!",
  "tf5":"Raak het water niet aan of je verliest je fakkel",
  "tf6":"Speel nieuwe [2]acts[2] door op hun act [2]blok[2] te gaan staan",
  "tf7":"Spring van [3]kant naar kant[3] om op te staan",
  "tf8":"Recapitualatie vanaf [2]Vex2[2]...",
  "tf9":"Kijk uit! Grijze blokken gaan aan en uit",
  "tf10":"[2]Volg[2] de [2]pijlen[2] om het einde te bereiken",
  "tf11":"Tijdens het rennen [2]ingedrukt houden[2] om te [2]glijden[2]!",
  "tf12":"Net zoals eerder, zijn [4]paarse[4] blokken erg [4]zwak[4]",
  "tf13":"Verplaats met de [5]pijltjestoetsen[5] of [5]WASD[5]",
  "tf13Mob":"Raak de [5]Pijlen[5] aan om te [5]VERPLAATSEN[5]",
  "tf14":"[6]Oranje[6] blokken kaatsen je echt omhoog!",
  "tf15":"Je kunt een paal pakken om op en neer te glijden",
  "tf16":"Deze poorten teleporteren je naar een andere plek op de kaart",
  "tf18":"Tot nu toe [2]doe je het goed[2]!",
  "tf19":"Kijk uit [7]lange vallen[7] kunnen je doden!",
  "tf20":"Kijk uit je raakt buiten [8]adem[8]! Zwem door [8]voorwaarts te bewegen[8] in de richting waarnaar je kijkt",
  "tf21":"[9]Bruine[9] blokken kunnen beide kanten op [9]geduwd[9] worden!",
  "tf22":"[8]Druk[8] op een vastzittend blok om het [8]eruit te gooien[8]",
  "tf23":"[10]Spring terwijl je in het [11]rode[11] gedeelte bent om naar voren te zwaaien",
  "tf24":"[10]Springen[10] in het blauwe gedeelte zwaait je verder",
  "tf25":"[10]Verander de richting[10] van je zwaai met [10]links[10] of [10]rechts[10]",
  "tf26":"[13]IJs[13] is [13]glad[13] en [13]smelt[13] na verloop van tijd!",
  "tf27":"[10]Houd ingedrukt[10] middenin de lucht om te [10]trappen[10] en [14]glas[14] stuk te maken",
  "tf28":"[15]Snelheidsblokken[15] verplaatsen je in de aangegeven richting!",
  "tf29":"Om [15]lasers[15] te verslaan moet je snel zijn!  Probeer je [16]traptechniek[16] te gebruiken door midden in de lucht [16]ingedrukt te houden[16].",
  "tf30":"Gebruik [10]toetsen[10] om [17]vergrendelde blokken[17] te ontgrendelen",
  "tf31":"De [18]poort[18] is aan het einde van de [19]vergrendelde blokken[19]!",
  "tf32":"Je moet de [10]sleutels[10] [20]vinden[20]!",
  "tf33":"[3]Spring[3] in het [21]kanon[21] en [3]druk op Omhoog[3] wanneer je afgevuurd wilt worden!",
  "tf34":"Deze kleine bellen [22]herladen[22] je adem onder water!",
  "tf35":"Pas op voor de vonk rond de rand",
  "tf36":"[25]Zonneblokken verdwijnen wanneer de [26lampen[26] uit zijn!",
  "tf37":"Als een vonk water raakt, raakt hij geëlektrocuteerd",
  "tf38":"Bedankt voor het spelen van [29]Vex 3[29]! Je bent bijna klaar...",
  "tf39":"[30]Roze[30] blokken worden [31]onzichtbaar[31] hoe dichter je in de buurt komt",
  "tf40":"[11]Rode[11] toetsen verdwijnen na 5 seconden",
  "tf41":"Je kunt op het toneel [32]rondkijken[32], terwijl je [32]stil staat[32]",
  "tf42":"Dit is het, de [33]laatste test[33]. Als de draad je uiteindelijk verslaat, moet je [33]de hele act overdoen[33]!",
  "tf43":"Verkeerde weg, sufferd!",
  "tf44":"Goed gedaan! Ga nu de [34]volgende act[34] zoeken",
  "tf45":"Verkrijg [35]3 sterren[35] in [35]Act 1[35] om [35]Lastige modus[35] te ontgrendelen"
}