{
  "yes": "ДА",
  "no": "НЕТ",
  "retry": "ПЕРЕИГРАТЬ",
  "youOk": "ТЫ В ПОРЯДКЕ?",
  "deaths": "Смерти",
  "totalDeaths": "Кол-во смертей",
  "perfect": "ЧЕМПИОН",
  "gold": "ЗОЛОТО",
  "silver": "СЕРЕБРО",
  "bronze": "БРОНЗА",
  "cleared":"ПОБИТ",

  "language": "Язык",
  "ui_mm_start": "Играть в Игру",
  "ui_trophie_title": "Трофеи",
  "ui_trophie_section1_title": "Стандартные Акты",
  "ui_trophie_section2_title": "Хардкор",
  "ui_trophie_section3_title": "Невероятные Штуки",
  "ui_trophie_section4_title": "Завершение",
  "ui_trophie_name_0": "челлендж",
  "ui_trophie_name_1": "Акт 1",
  "ui_trophie_name_2": "Акт 2",
  "ui_trophie_name_3": "Акт 3",
  "ui_trophie_name_4": "Акт 4",
  "ui_trophie_name_5": "Акт 5",
  "ui_trophie_name_6": "Акт 6",
  "ui_trophie_name_7": "Акт 7",
  "ui_trophie_name_8": "Акт 8",
  "ui_trophie_name_9": "Акт 9",
  "ui_trophie_name_10": "Вексация",
  "ui_trophie_name_hub": "Хаб: уровни",
  "ui_trophie_name_1Hard": "Акт 1 Сложный",
  "ui_trophie_name_2Hard": "Акт 2 Сложный",
  "ui_trophie_name_3Hard": "Акт 3 Сложный",
  "ui_trophie_name_4Hard": "Акт 4 Сложный",
  "ui_trophie_name_5Hard": "Акт 5 Сложный",
  "ui_trophie_name_6Hard": "Акт 6 Сложный",
  "ui_trophie_name_7Hard": "Акт 7 Сложный",
  "ui_trophie_name_8Hard": "Акт 8 Сложный",
  "ui_trophie_name_9Hard": "Акт 9 Сложный",
  "ui_trophie_name_11": "Моя !",
  "ui_trophie_name_12": "Спасибо, блок !",
  "ui_trophie_name_13": "Все выше и выше !",
  "ui_trophie_name_14": "Между зубцами пилы",
  "ui_trophie_name_15": "Решительный Скачок",
  "ui_trophie_name_16": "Брелок",
  "ui_trophie_name_17": "Кто не рискует...",
  "ui_trophie_name_18": "В Темноте !",
  "ui_trophie_name_19": "Вне Коробки",
  "ui_trophie_name_20": "В Коробке",
  "ui_trophie_name_21": "По Одному Шажку",
  "ui_trophie_name_22": "Дважды Два",
  "ui_trophie_name_23": "Третьего раза не миновать",
  "ui_trophie_name_24": "Великолепная Четверка",
  "ui_trophie_name_25": "Дай Пять",
  "ui_trophie_name_26": "Демон",
  "ui_trophie_name_27": "Везунчик",
  "ui_trophie_name_28": "8-кратный Чемпион",
  "ui_trophie_name_29": "Девять Жизней",
  "ui_trophie_name_30": "Безупречно !",
  "ui_trophie_name_31": "На последнем дыхании",
  "ui_trophie_name_32": "Время Летит V2.0",
  "ui_trophie_name_33": "Не теряй головы",
  "ui_trophie_name_34": "Повелитель Смертей",
  "ui_trophie_name_35": "Олимпиец",
  "ui_trophie_name_36": "Перфекционист",
  "ui_trophie_name_37": "Астроном",
  "ui_trophie_name_38": "Победитель",
  "ui_trophie_name_39": "Челленджер",
  "ui_trophie_name_40": "Экстрим",
  "ui_trophie_name_41": "Экстрим",
  "ui_trophie_name_42": "Экстрим",
  "ui_trophie_name_43": "Экстрим",
  "ui_trophie_name_44": "Экстрим",
  "ui_trophie_name_45": "Экстрим",
  "ui_trophie_name_46": "Экстрим",
  "ui_trophie_name_47": "Экстрим",
  "ui_trophie_name_48": "Экстрим",
  "ui_trophie_description_1": "Пройти Акт 1 с любым рейтингом",
  "ui_trophie_description_2": "Пройти Акт 2 с любым рейтингом",
  "ui_trophie_description_3": "Пройти Акт 3 с любым рейтингом",
  "ui_trophie_description_4": "Пройти Акт 4 с любым рейтингом",
  "ui_trophie_description_5": "Пройти Акт 5 с любым рейтингом",
  "ui_trophie_description_6": "Пройти Акт 6 с любым рейтингом",
  "ui_trophie_description_7": "Пройти Акт 7 с любым рейтингом",
  "ui_trophie_description_8": "Пройти Акт 8 с любым рейтингом",
  "ui_trophie_description_9": "Пройти Акт 9 с любым рейтингом",
  "ui_trophie_description_10": "Пройти Вексацию с любым рейтингом",
  "ui_trophie_description_11": "Забрать потайную звезду в Акте 1",
  "ui_trophie_description_12": "Забрать потайную звезду в Акте 2",
  "ui_trophie_description_13": "Забрать потайную звезду в Акте 3",
  "ui_trophie_description_14": "Забрать потайную звезду в Акте 4",
  "ui_trophie_description_15": "Забрать потайную звезду в Акте 5",
  "ui_trophie_description_16": "Забрать потайную звезду в Акте 6",
  "ui_trophie_description_17": "Забрать потайную звезду в Акте 7",
  "ui_trophie_description_18": "Забрать потайную звезду в Акте 8",
  "ui_trophie_description_19": "Забрать потайную звезду в Акте 9",
  "ui_trophie_description_20": "Забрать потайную звезду в Вексации",
  "ui_trophie_description_21": "Пройти Режим \"Челлендж\" в Акте 1",
  "ui_trophie_description_22": "Пройти Режим \"Челлендж\" в Акте 2",
  "ui_trophie_description_23": "Пройти Режим \"Челлендж\" в Акте 3",
  "ui_trophie_description_24": "Пройти Режим \"Челлендж\" в Акте 4",
  "ui_trophie_description_25": "Пройти Режим \"Челлендж\" в Акте 5",
  "ui_trophie_description_26": "Пройти Режим \"Челлендж\" в Акте 6",
  "ui_trophie_description_27": "Пройти Режим \"Челлендж\" в Акте 7",
  "ui_trophie_description_28": "Пройти Режим \"Челлендж\" в Акте 8",
  "ui_trophie_description_29": "Пройти Режим \"Челлендж\" в Акте 9",
  "ui_trophie_description_30": "Пройти любой Акт с рейтингом \"Безупречно\"",
  "ui_trophie_description_31": "Выбраться из воды с одним пузырьком на счету",
  "ui_trophie_description_32": "Играйте в игру более часа",
  "ui_trophie_description_33": "Быть раздавленным толкательным блоком",
  "ui_trophie_description_34": "Умереть 100 раз",
  "ui_trophie_description_35": "Закончить все Акты с результатом \"Золото\" или выше",
  "ui_trophie_description_36": "Закончить все Акты с результатом \"Безупречно\" или выше",
  "ui_trophie_description_37": "Соберите все звезды в игре",
  "ui_trophie_description_38": "Пройти все Акты в Режиме \"Челлендж\"",
  "ui_trophie_description_39": "Пройти Челлендж-Комнату",
  "ui_options_title": "Опции",
  "ui_options_music": "Музыка",
  "ui_options_sound": "Звук",
  "ui_options_enable": "ВКЛ.",
  "ui_options_disable": "ВЫКЛ.",
  "ui_options_auto_save": "Сбросить автоматически, как только превышено лучшее время",
  "ui_level_complet_title": "Уровень Пройден",
  "ui_gp_hub_name_title": "Ваше Время",
  "ui_gp_rank_gold": "Золото",
  "ui_gp_rank_silver": "Серебро",
  "ui_gp_rank_bronze": "Бронза",
  "ui_gp_challenge_floor": "ЭТАЖ",
  "ui_act_select_title": "Выбрать Акт",
  "ui_gp_challenge_floors": "Этажи",
  "ui_gp_challenge_room": "Челлендж-рум",
  "ui_gp_challenge_time": "Ваше Время",
  "ui_achievement_title": "Достижения разблокированы!",
  "act_select_hard": "Сложный режим",
  "hell_locked": "ЗАБЛОКИРОВАНО",

  "pressDown": "Нажмите \"Вниз\", Чтобы Войти",
  "pressDownStage": "Нажмите \"вниз\", чтобы попасть на сцену",
  "checkpoint": "Чекпойнт !",

  "death0_1": "Заколот!",
  "death0_2": "Вскрыт!",
  "death1_1": "Ликвидирован!",
  "death1_2": "Неудачное Приземление!",
  "death2_1": "Разорван в клочья!",
  "death2_2": "Распилен!",
  "death2_3": "Покрошен на куски!",
  "death3_1": "Расплющен!",
  "death3_2": "Раздавлен!",
  "death3_3": "Спрессован!",
  "death4_1": "Легкие не выдержали!",
  "death4_2": "Ушел на дно!",
  "death4_3": "Рыбий корм...!",
  "death5_1": "Попрощался с миром!",
  "death5_2": "Прямиком в ад!",
  "death5_3": "Не пережил падения!",
  "death6_1": "Входа нет!",
  "death7_1": "Выжат как лимон!",
  "death7_2": "Раздавлен!",
  "death7_3": "Расплющен!",
  "death8_1": "Урожай Смерти",
  "death8_2": "Подкошен",
  "death8_3": "Неприятная Смерть",
  "death8_4": "Обезглавлен",
  "death9_1": "попробовал сюрикендзюцу!",
  "death9_2": "Ниндзя-неудачник!",
  "death9_3": "Нарезан кубиками!",
  "death10_1": "Смерть ему к лицу!",
  "death10_2": "Нарезан кубиками!",
  "death11_1": "Удар Током!",
  "death11_2": "Сгорел как спичка!",
  "death11_3": "Возмутительно.",
  "death12_1": "Расплющен!",
  "death12_2": "Раздавлен!",
  "death12_3": "Спрессован!",
  "death13_1": "Нокдаун.",
  "death13_2": "Сбит с ног.",
  "death13_3": "Разорван на куски",
  "death14_1": "Уничтожен!",
  "death14_2": "Не выжил!",
  "death14_3": "Жареный вексман!",
  "death15_1": "Неожиданная смерть!",
  "death15_2": "Пронизан!",

  "tf1": "Добро пожаловать в [0]VEX[0]",
  "tf2": "Нажмите [1]стрелку вниз,[1] чтобы зайти [1]в Акт1[1]",
  "tf3": "С помощью [0]дельтаплана[0] можно летать!",
  "tf4": "Используй факел, чтобы взорвать TNT!",
  "tf5": "Не касайся воды, чтобы не потерять факел",
  "tf6": "Открой новые [2]акты,[2] встав на соответствующий [2]блок[2]",
  "tf7": "Чтобы подняться, [3]прыгай[3] из стороны в сторону",
  "tf8": "Освежи в памяти [2]Vex2[2]",
  "tf9": "Осторожно! Серые блоки появляются и исчезают",
  "tf10": "[2]Иди[2] по [2]стрелкам,[2] чтобы достичь конца",
  "tf11": "В движении [2]нажми стрелку вниз[2], чтобы [2]скользить[2]!",
  "tf12": "Фиолетовые [4]блоки[4] по-прежнему [4]неустойчивы[4]",
  "tf13": "Управляй фигуркой [5]стрелками[5] или [5]клавишами WASD[5]",
  "tf13Mob": "Нажми на [5]Стрелки[5], чтобы [5]ДВИГАТЬСЯ[5]",
  "tf14": "[6]Оранжевые[6] блоки подбросят тебя высоко!",
  "tf15": "Используй шест, чтобы скользить вверх и вниз",
  "tf16": "Эти порталы перенесут тебя на другое место на карте",
  "tf18": "Пока ты [2]неплохо[2] справляешься!",
  "tf19": "Осторожно, [7]длительные падения[7] могут быть смертельными!",
  "tf20": "Осторожно, ты [8]скоро[8] задохнешься! Чтобы поплыть, [8]нажми на стрелки[8] по направлению движения",
  "tf21": "[9]Коричневые[9] блоки можно [8]толкать[8] в любую сторону!",
  "tf22": "[8]Нажми вниз[8] на застрявший блок, чтобы [8]освободить[8] его",
  "tf23": "[10]Подпрыгни,[10] пока ты в [11]красной[11] секции, чтобы продвинуться вперед",
  "tf24": "[10]Прыжок[10] в [12]голубой секции[12] продвинет тебя еще дальше",
  "tf25": "[10]Выбери направление[10] качания стрелками [10]\"влево\"[10] или [10]\"вправо\"[10]",
  "tf26": "[13]Лед[13] очень [13]скользкий[13] и [13]тает[13] со временем!",
  "tf27": "[10]Удерживай стрелку вниз[10] в воздухе, чтобы [10]ударить ногой[10] и разбить [14]стекло[14]",
  "tf28": "[15]Ускоряющие блоки[15] перемещают тебя в заданном направлении!",
  "tf29": "Чтобы победить [15]лазеры[15], необходимо поспешить! Попробуй [16]ударить ногой[16], [16]удерживая стрелку вниз[16] в воздухе",
  "tf30": "Используй [10]ключи[10], чтобы открыть [17]заблокированные блоки[17]",
  "tf31": "Ты найдешь [18]портал[18] в конце [19]заблокированных блоков[19]!",
  "tf32": "Твоя задача - [20]найти [20] [10]ключи[10]!",
  "tf33": "[3]Запрыгни[3] в [21]пушку[21] и [3]нажми \"вверх\"[3], чтобы взлететь!",
  "tf34": "Небольшие пузырьки [22]восстанавливают[22] твое дыхание под водой!",
  "tf35": "Берегись искры",
  "tf36": "[25]Солнечные блоки[25] исчезают, когда [26]свет[26] выключен!",
  "tf37": "При контакте с искрой вода заряжается током",
  "tf38": "Спасибо, что играешь в [29]Vex 3[29]! Осталось немного...",
  "tf39": "[30]Розовые[30] блоки становятся [31]невидимыми[31] по мере твоего приближения",
  "tf40": "[11]Красные[11] ключи исчезают через 5 секунд",
  "tf41": "Ты можешь [32]осмотреться[32], пока [32]стоишь на месте[32]",
  "tf42": "Вот и пришло время [33]последнего испытания[33]. Если тебя поразит кабелем, тебе придется [33]пройти весь акт заново[33]!",
  "tf43": "Не туда, недотепа!",
  "tf44": "Молодец! Отправляйся на поиски [34]следующего акта[34]",
  "tf45": "Собери [35]3 звезды[35] в [35]Акте 1[35], чтобы разблокировать режим [35]Хардкор[35]"
}