{
  "yes": "Ja",
  "no": "Nein",
  "retry":"WIEDERHOLEN",
  "youOk": "ALLES GUT?",
  "deaths": "Tode",
  "totalDeaths": "Gesamt-Tode",
  "perfect": "PERFEKT",
  "gold": "GOLD",
  "silver": "SILBER",
  "bronze": "BRONZE",
  "cleared":"GELÖSCHT",
  
  "language": "Sprache",
  "ui_mm_start": "Spiel spielen",
  "ui_trophie_title": "Trophäen",
  "ui_trophie_section1_title": "Standardakte",
  "ui_trophie_section2_title": "Hardcore",
  "ui_trophie_section3_title": "Geniales Zeug",
  "ui_trophie_section4_title": "Abschluss",
  "ui_trophie_name_0": "Herausforderung",
  "ui_trophie_name_1": "Akt 1",
  "ui_trophie_name_2": "Akt 2",
  "ui_trophie_name_3": "Akt 3",
  "ui_trophie_name_4": "Akt 4",
  "ui_trophie_name_5": "Akt 5",
  "ui_trophie_name_6": "Akt 6",
  "ui_trophie_name_7": "Akt 7",
  "ui_trophie_name_8": "Akt 8",
  "ui_trophie_name_9": "Akt 9",
  "ui_trophie_name_10": "Plackerei",
  "ui_trophie_name_hub": "Level-Hub",
  "ui_trophie_name_1Hard": "Akt 1 Schwer",
  "ui_trophie_name_2Hard": "Akt 2 Schwer",
  "ui_trophie_name_3Hard": "Akt 3 Schwer",
  "ui_trophie_name_4Hard": "Akt 4 Schwer",
  "ui_trophie_name_5Hard": "Akt 5 Schwer",
  "ui_trophie_name_6Hard": "Akt 6 Schwer",
  "ui_trophie_name_7Hard": "Akt 7 Schwer",
  "ui_trophie_name_8Hard": "Akt 8 Schwer",
  "ui_trophie_name_9Hard": "Akt 9 Schwer",
  "ui_trophie_name_11": "Meins!",
  "ui_trophie_name_12": "Danke Box!",
  "ui_trophie_name_13": "Aufstieg ist alles!",
  "ui_trophie_name_14": "Zwischen einer Säge",
  "ui_trophie_name_15": "Sprung des Glaubens",
  "ui_trophie_name_16": "Schlüsselanhänger",
  "ui_trophie_name_17": "Den Sprung wagen",
  "ui_trophie_name_18": "Licht aus!",
  "ui_trophie_name_19": "Außerhalb der Box",
  "ui_trophie_name_20": "Im Inneren der Box",
  "ui_trophie_name_21": "Ein Schritt nach dem anderen",
  "ui_trophie_name_22": "Verdoppeln",
  "ui_trophie_name_23": "Aller guten Dinge sind drei",
  "ui_trophie_name_24": "Die Fantastischen Vier",
  "ui_trophie_name_25": "High Five",
  "ui_trophie_name_26": "Dämon",
  "ui_trophie_name_27": "Du hast Glück",
  "ui_trophie_name_28": "Achtmal der Champion",
  "ui_trophie_name_29": "Neun Leben",
  "ui_trophie_name_30": "Perfekt!",
  "ui_trophie_name_31": "Keuchen",
  "ui_trophie_name_32": "Die Zeit verfliegt V2.0",
  "ui_trophie_name_33": "Aufgepasst",
  "ui_trophie_name_34": "Todesherrscher",
  "ui_trophie_name_35": "Olympionike",
  "ui_trophie_name_36": "Perfektionist",
  "ui_trophie_name_37": "Astronom",
  "ui_trophie_name_38": "Gewinner",
  "ui_trophie_name_39": "Herausforderer",
  "ui_trophie_name_40": "Extrem",
  "ui_trophie_name_41": "Extrem",
  "ui_trophie_name_42": "Extrem",
  "ui_trophie_name_43": "Extrem",
  "ui_trophie_name_44": "Extrem",
  "ui_trophie_name_45": "Extrem",
  "ui_trophie_name_46": "Extrem",
  "ui_trophie_name_47": "Extrem",
  "ui_trophie_name_48": "Extrem",
  "ui_trophie_description_1": "Schließe Akt 1 auf einem beliebigen Rang ab",
  "ui_trophie_description_2": "Schließe Akt 2 auf einem beliebigen Rang ab",
  "ui_trophie_description_3": "Schließe Akt 3 auf einem beliebigen Rang ab",
  "ui_trophie_description_4": "Schließe Akt 4 auf einem beliebigen Rang ab",
  "ui_trophie_description_5": "Schließe Akt 5 auf einem beliebigen Rang ab",
  "ui_trophie_description_6": "Schließe Akt 6 auf einem beliebigen Rang ab",
  "ui_trophie_description_7": "Schließe Akt 7 auf einem beliebigen Rang ab",
  "ui_trophie_description_8": "Schließe Akt 8 auf einem beliebigen Rang ab",
  "ui_trophie_description_9": "Schließe Akt 9 auf einem beliebigen Rang ab",
  "ui_trophie_description_10": "Schließe die Plackerei auf einem beliebigen Rang ab",
  "ui_trophie_description_11": "Schnapp dir den versteckten Stern in Akt 1",
  "ui_trophie_description_12": "Schnapp dir den versteckten Stern in Akt 2",
  "ui_trophie_description_13": "Schnapp dir den versteckten Stern in Akt 3",
  "ui_trophie_description_14": "Schnapp dir den versteckten Stern in Akt 4",
  "ui_trophie_description_15": "Schnapp dir den versteckten Stern in Akt 5",
  "ui_trophie_description_16": "Schnapp dir den versteckten Stern in Akt 6",
  "ui_trophie_description_17": "Schnapp dir den versteckten Stern in Akt 7",
  "ui_trophie_description_18": "Schnapp dir den versteckten Stern in Akt 8",
  "ui_trophie_description_19": "Schnapp dir den versteckten Stern in Akt 9",
  "ui_trophie_description_20": "Schnapp dir den versteckten Stern bei der Plackerei",
  "ui_trophie_description_21": "Schließe den Herausforderungsmodus für Akt 1 ab",
  "ui_trophie_description_22": "Schließe den Herausforderungsmodus für Akt 2 ab",
  "ui_trophie_description_23": "Schließe den Herausforderungsmodus für Akt 3 ab",
  "ui_trophie_description_24": "Schließe den Herausforderungsmodus für Akt 4 ab",
  "ui_trophie_description_25": "Schließe den Herausforderungsmodus für Akt 5 ab",
  "ui_trophie_description_26": "Schließe den Herausforderungsmodus für Akt 6 ab",
  "ui_trophie_description_27": "Schließe den Herausforderungsmodus für Akt 7 ab",
  "ui_trophie_description_28": "Schließe den Herausforderungsmodus für Akt 8 ab",
  "ui_trophie_description_29": "Schließe den Herausforderungsmodus für Akt 9 ab",
  "ui_trophie_description_30": "Schließe einen beliebigen Akt mit perfekter Bewertung ab",
  "ui_trophie_description_31": "Tauche vom Schwimmen auf mit nur noch einer Blase",
  "ui_trophie_description_32": "Spiele das Spiel mehr als eine Stunde lang",
  "ui_trophie_description_33": "Lass dich von einem verschiebbaren Block zerquetschen",
  "ui_trophie_description_34": "Erreiche über 100 Todes insgesamt",
  "ui_trophie_description_35": "Erreiche Gold oder besser in jedem Akt",
  "ui_trophie_description_36": "Erreiche Perfekt oder besser in jedem Akt",
  "ui_trophie_description_37": "Sammle alle Sterne im Spiel",
  "ui_trophie_description_38": "Schließe jeden Akt im Herausforderungsmodus ab",
  "ui_trophie_description_39": "Schließe den Raum der Herausforderung ab",
  "ui_options_title": "Optionen",
  "ui_options_music": "Musik",
  "ui_options_sound": "Sound",
  "ui_options_enable": "AN",
  "ui_options_disable": "AUS",
  "ui_options_auto_save": "Automatische Zurücksetzung nach Ablauf der besten Zeit",
  "ui_level_complet_title": "Level abgeschlossen",
  "ui_gp_hub_name_title": "Deine Zeit",
  "ui_gp_rank_gold": "Gold",
  "ui_gp_rank_silver": "Silber",
  "ui_gp_rank_bronze": "Bronze",
  "ui_gp_challenge_floor": "EBENE",
  "ui_act_select_title": "Akt auswählen",
  "ui_gp_challenge_floors": "Ebenen",
  "ui_gp_challenge_room": "Raum der Herausforderung",
  "ui_gp_challenge_time": "Deine Zeit",
  "ui_achievement_title": "Errungenschaften freigeschaltet!",
  "act_select_hard": "Schwerer Modus",
  "hell_locked": "GESPERRT",

  "pressDown": "Drücke nach unten zum Betreten",
  "pressDownStage": "Nach unten drücken, um die Stufe zu betreten",
  "checkpoint": "Kontrollpunkt",

  "death0_1": "Aufgespießt!",
  "death0_2": "Geplatzt!",
  "death1_1": "Verspritzt!",
  "death1_2": "Harte Landung!",
  "death2_1": "Geschreddert!",
  "death2_2": "Spielverderber!",
  "death2_3": "In Stücke zersägt!",
  "death3_1": "Zerquetscht!",
  "death3_2": "Zerdrückt!",
  "death3_3": "Viel zu stark zusammengedrückt!",
  "death4_1": "Die Lunge ist kollabiert!",
  "death4_2": "Ertrunken!",
  "death4_3": "Schlafen ohne Fische ...!",
  "death5_1": "Aus der Welt gefallen!",
  "death5_2": "Direkt in die Hölle!",
  "death5_3": "Zu weit gefallen!",
  "death6_1": "Kein Eintrag!",
  "death7_1": "Gequetscht",
  "death7_2": "Zerdrückt!",
  "death7_3": "Zerquetscht!",
  "death8_1": "Umgenietet",
  "death8_2": "Gesichelt",
  "death8_3": "Sensenmann",
  "death8_4": "Geköpft",
  "death9_1": "Shurikenjutsu ausprobiert!",
  "death9_2": "Böser Ninja!",
  "death9_3": "In Scheiben geschnitten und gewürfelt!",
  "death10_1": "Tod mal vier!",
  "death10_2": "In Scheiben geschnitten und gewürfelt!",
  "death11_1": "Stromschlag!",
  "death11_2": "Ausgebratzelt!",
  "death11_3": "Schockierend.",
  "death12_1": "Zerquetscht!",
  "death12_2": "Zerdrückt!",
  "death12_3": "Viel zu stark zusammengedrückt!",
  "death13_1": "Einen gewischt gekriegt.",
  "death13_2": "Aus den Socken gehauen.",
  "death13_3": "In Stücke gerissen",
  "death14_1": "Ausgelöscht!",
  "death14_2": "Zerschmettert!",
  "death14_3": "Gebratener Plackmann!",
  "death15_1": "Überraschend aufgespießt!",
  "death15_2": "Durchdrungen!",

  "tf1":"Willkommen zurück bei [0]PLACK[0]",
  "tf2":"Drücke [1]nach unten[1] zum Betreten von [1]Akt 1[1]",
  "tf3":"Mit dem [0]Drachen[0] kannst du fliegen!",
  "tf4":"Benutze die Fackel, um das TNT zu sprengen!",
  "tf5":"Berühre nicht das Wasser, sonst verlierst du deine Fackel",
  "tf6":"Spiele neue [2]Akte[2], indem du auf ihrem [2]Aktblock[2] stehst",
  "tf7":"Springe von [3]Seite zu Seite[3], um hochzukommen",
  "tf8":"Also nochmal ab [2]Plack2[2]",
  "tf9":"Aufgepasst! Graue Blöcke schalten sich ein und aus",
  "tf10":"[2]Folge[2] den [2]Pfeilen[2], um das Ende zu erreichen",
  "tf11":"Während des Laufens [2]gedrückt halten[2], um zu 2]schieben[2]!",
  "tf12":"Wie zuvor sind [4]lila[4]-Blöcke ziemlich [4]schwach[4]",
  "tf13":"Bewege dich mit den [5]Pfeiltasten[5] oder mit [5]WASD[5]",
  "tf13Mob":"Berühre die [5]Pfeile[5] bis [5]BEWEGEN[5]",
  "tf14":"[6]Orangefarbene[6] Blöcke lassen dich richtig hoch springen!",
  "tf15":"Du kannst dich an einer Stange festhalten, um hoch und runter zu rutschen",
  "tf16":"Die Portale teleportieren dich an einen anderen Ort auf der Karte",
  "tf18":"Du [2]machst das schon sehr gut[2]!",
  "tf19":"Vorsicht, [7]lange Stürze[7] können tödlich sein!",
  "tf20":"Pass auf, dir geht die [8]Puste[8] aus! Schwimme, indem du [8]dich in deine Blickrichtung vorwärts bewegst[8]",
  "tf21":"[9]Braune[9] Blöcke können in jede Richtung [8]geschoben[8] werden!",
  "tf22":"[8]Drücke nach untern[8] bei einem eingeklemmten Block, um ihn [8]herauszuwerfen[8]",
  "tf23":"[10]Springe[10], wenn du dich im [11]roten[11] Abschnitt befindest, um nach vorne zu schwingen",
  "tf24":"[10]Springe[10] im [12]blauen Bereich[12], und du schwingst weiter",
  "tf25":"[10]Ändere die Richtung[10] deines Schwungs mit [10]links[10] oder [10]rechts[10]",
  "tf26":"[13]Eis[13] ist [13]rutschig[13] und [13]schmilzt[13] mit der Zeit!",
  "tf27":"[10]Halte nach unten[10] in der Luft, um zu [10]treten[10] und [14]Glas[14] zu zerschlagen",
  "tf28":"[15]Tempoblocks[15] bewegen dich in die angezeigte Richtung!",
  "tf29":"Um [15]Laser[15] zu schlagen, musst du schnell sein!  Versuche, deine [16]Kick-Fähigkeit[16] einzusetzen, indem du [16]mitten in der Luft nach unten hältst[16]",
  "tf30":"Verwenden die [10]Tasten[10], um [17]gesperrte Blöcke[17] zu entsperren",
  "tf31":"Das [18]Portal[18] befindet sich am Ende des [19]gesperrten Blocks[19]!",
  "tf32":"Jetzt [20]finde[20] die [10]Schlüssel[10]!",
  "tf33":"[3]Hüpfe[3] in die [21]Kanone[21] und [3]drücke hoch[3], wenn du abgefeuert werden willst!",
  "tf34":"Diese kleinen Bläschen [22]laden[22] deine Atemluft unter Wasser auf!",
  "tf35":"Achte auf den Funken an der Kante",
  "tf36":"[25]Solarblöcke[25] verschwinden, wenn das [26]Licht[26] ausgeschaltet wird!",
  "tf37":"Wenn ein Funke das Wasser berührt, wird es elektrisiert",
  "tf38":"Danke, dass du [29]Plack 3[29] gespielt hast! Du bist fast fertig ...",
  "tf39":"[30]Pinke[30] Blöcke werden [31]unsichtbar[31], je näher man kommt",
  "tf40":"[11]Rote[11] Tasten verschwinden nach 5 Sekunden",
  "tf41":"Du kannst dich auf der Stufe [32]umsehen [32], während du [32]still stehst [32]",
  "tf42":"Das ist er, die [33]letzte Prüfung[33]. Wenn der Draht dich am Ende schlägt, musst du den [33]gesamten Akt wiederholen[33]!",
  "tf43":"Falsche Richtung, Blödie!",
  "tf44":"Gute Arbeit! Suche jetzt den [34]nächsten Akt[34]",
  "tf45":"Erreiche [35]3 Sterne[35] in [35]Akt 1[35], um den [35]schweren Modus[35] freizuschalten."
}