{
  "no": "Tidak",
  "yes": "Ya",
  "youOk": "Apa kau baik-baik saja?",
  "retry":"COBA LAGI",
  "deaths": "Kematian",
  "totalDeaths": "Total kematian",
  "perfect": "SEMPURNA",
  "gold": "EMAS",
  "silver": "PERAK",
  "bronze": "PERUNGGU",
  "cleared":"DIHAPUS",
  
  "language": "Bahasa",
  "ui_mm_start": "Mainkan Game",
  "ui_trophie_title": "Trofi",
  "ui_trophie_section1_title": "Aksi Standar",
  "ui_trophie_section2_title": "Hardcore",
  "ui_trophie_section3_title": "Hal Luar Biasa",
  "ui_trophie_section4_title": "Penyelesaian",
  "ui_trophie_name_0": "tantangan",
  "ui_trophie_name_1": "Aksi 1",
  "ui_trophie_name_2": "Aksi 2",
  "ui_trophie_name_3": "Aksi 3",
  "ui_trophie_name_4": "Aksi 4",
  "ui_trophie_name_5": "Aksi 5",
  "ui_trophie_name_6": "Aksi 6",
  "ui_trophie_name_7": "Aksi 7",
  "ui_trophie_name_8": "Aksi 8",
  "ui_trophie_name_9": "Aksi 9",
  "ui_trophie_name_10": "Gangguan",
  "ui_trophie_name_hub": "Hub Level",
  "ui_trophie_name_1Hard": "Aksi 1 Sulit",
  "ui_trophie_name_2Hard": "Aksi 2 Sulit",
  "ui_trophie_name_3Hard": "Aksi 3 Sulit",
  "ui_trophie_name_4Hard": "Aksi 4 Sulit",
  "ui_trophie_name_5Hard": "Aksi 5 Sulit",
  "ui_trophie_name_6Hard": "Aksi 6 Sulit",
  "ui_trophie_name_7Hard": "Aksi 7 Sulit",
  "ui_trophie_name_8Hard": "Aksi 8 Sulit",
  "ui_trophie_name_9Hard": "Aksi 9 Sulit",
  "ui_trophie_name_11": "Milikku !",
  "ui_trophie_name_12": "Terima Kasih Kotak !",
  "ui_trophie_name_13": "Itu Pendakiannya !",
  "ui_trophie_name_14": "Di antara Gergaji",
  "ui_trophie_name_15": "Lompatan Keyakinan",
  "ui_trophie_name_16": "Gantungan Kunci",
  "ui_trophie_name_17": "Ambil Risikonya",
  "ui_trophie_name_18": "Mati Lampu !",
  "ui_trophie_name_19": "Di Luar Kotak",
  "ui_trophie_name_20": "Di Dalam Kotak",
  "ui_trophie_name_21": "Langkah Demi Langkah",
  "ui_trophie_name_22": "Gandakan",
  "ui_trophie_name_23": "Yang Ketiga adalah Pesonanya",
  "ui_trophie_name_24": "Empat Fantastis",
  "ui_trophie_name_25": "Tos",
  "ui_trophie_name_26": "Iblis",
  "ui_trophie_name_27": "Kamu Beruntung",
  "ui_trophie_name_28": "Juara Delapan Kali",
  "ui_trophie_name_29": "Sembilan Nyawa",
  "ui_trophie_name_30": "Sempurna !",
  "ui_trophie_name_31": "Terkesiap",
  "ui_trophie_name_32": "Waktu Berlalu V2.0",
  "ui_trophie_name_33": "Peringatan",
  "ui_trophie_name_34": "Taipan Kematian",
  "ui_trophie_name_35": "Olympian",
  "ui_trophie_name_36": "Perfeksionis",
  "ui_trophie_name_37": "Ahli Astronomi",
  "ui_trophie_name_38": "Pemenang",
  "ui_trophie_name_39": "Penantang",
  "ui_trophie_name_40": "Ekstrem",
  "ui_trophie_name_41": "Ekstrem",
  "ui_trophie_name_42": "Ekstrem",
  "ui_trophie_name_43": "Ekstrem",
  "ui_trophie_name_44": "Ekstrem",
  "ui_trophie_name_45": "Ekstrem",
  "ui_trophie_name_46": "Ekstrem",
  "ui_trophie_name_47": "Ekstrem",
  "ui_trophie_name_48": "Ekstrem",
  "ui_trophie_description_1": "Selesaikan Aksi 1 ke peringkat mana pun",
  "ui_trophie_description_2": "Selesaikan Aksi 2 ke peringkat mana pun",
  "ui_trophie_description_3": "Selesaikan Aksi 3 ke peringkat mana pun",
  "ui_trophie_description_4": "Selesaikan Aksi 4 ke peringkat mana pun",
  "ui_trophie_description_5": "Selesaikan Aksi 5 ke peringkat mana pun",
  "ui_trophie_description_6": "Selesaikan Aksi 6 ke peringkat mana pun",
  "ui_trophie_description_7": "Selesaikan Aksi 7 ke peringkat mana pun",
  "ui_trophie_description_8": "Selesaikan Aksi 8 ke peringkat mana pun",
  "ui_trophie_description_9": "Selesaikan Aksi 9 ke peringkat mana pun",
  "ui_trophie_description_10": "Selesaikan gangguan ke peringkat mana pun",
  "ui_trophie_description_11": "Ambil bintang tersembunyi pada Aksi 1",
  "ui_trophie_description_12": "Ambil bintang tersembunyi pada Aksi 2",
  "ui_trophie_description_13": "Ambil bintang tersembunyi pada Aksi 3",
  "ui_trophie_description_14": "Ambil bintang tersembunyi pada Aksi 4",
  "ui_trophie_description_15": "Ambil bintang tersembunyi pada Aksi 5",
  "ui_trophie_description_16": "Ambil bintang tersembunyi pada Aksi 6",
  "ui_trophie_description_17": "Ambil bintang tersembunyi pada Aksi 7",
  "ui_trophie_description_18": "Ambil bintang tersembunyi pada Aksi 8",
  "ui_trophie_description_19": "Ambil bintang tersembunyi pada Aksi 9",
  "ui_trophie_description_20": "Ambil bintang tersembunyi pada Gangguan",
  "ui_trophie_description_21": "Selesaikan Mode Tantangan untuk Aksi 1",
  "ui_trophie_description_22": "Selesaikan Mode Tantangan untuk Aksi 2",
  "ui_trophie_description_23": "Selesaikan Mode Tantangan untuk Aksi 3",
  "ui_trophie_description_24": "Selesaikan Mode Tantangan untuk Aksi 4",
  "ui_trophie_description_25": "Selesaikan Mode Tantangan untuk Aksi 5",
  "ui_trophie_description_26": "Selesaikan Mode Tantangan untuk Aksi 6",
  "ui_trophie_description_27": "Selesaikan Mode Tantangan untuk Aksi 7",
  "ui_trophie_description_28": "Selesaikan Mode Tantangan untuk Aksi 8",
  "ui_trophie_description_29": "Selesaikan Mode Tantangan untuk Aksi 9",
  "ui_trophie_description_30": "Selesaikan Aksi mana pun dengan peringkat Sempurna",
  "ui_trophie_description_31": "Kembali ke permukaan dari berenang dengan satu sisa gelembung",
  "ui_trophie_description_32": "Mainkan game selama lebih dari satu jam",
  "ui_trophie_description_33": "Dihancurkan oleh blok yang bisa didorong",
  "ui_trophie_description_34": "Dapatkan lebih dari 100 total kematian",
  "ui_trophie_description_35": "Capai Emas atau yang lebih baik pada setiap Aksi",
  "ui_trophie_description_36": "Capai Sempurna atau yang lebih baik pada setiap Aksi",
  "ui_trophie_description_37": "Kumpulkan setiap bintang dalam game",
  "ui_trophie_description_38": "Selesaikan setiap Aksi dalam Mode Tantangan",
  "ui_trophie_description_39": "Selesaikan kamar Tantangan",
  "ui_options_title": "Opsi",
  "ui_options_music": "Musik",
  "ui_options_sound": "Suara",
  "ui_options_enable": "HIDUP",
  "ui_options_disable": "MATI",
  "ui_options_auto_save": "Reset otomatis saat waktu terbaik berlalu",
  "ui_level_complet_title": "Level Selesai",
  "ui_gp_hub_name_title": "Waktu Kamu",
  "ui_gp_rank_gold": "Emas",
  "ui_gp_rank_silver": "Perak",
  "ui_gp_rank_bronze": "Perunggu",
  "ui_gp_challenge_floor": "LANTAI",
  "ui_act_select_title": "Pilih Aksi",
  "ui_gp_challenge_floors": "Lantai",
  "ui_gp_challenge_room": "Kamar Tantangan",
  "ui_gp_challenge_time": "Waktu Kamu",
  "ui_achievement_title": "Pencapaian terbuka!",
  "act_select_hard": "Mode Sulit",
  "hell_locked": "DIKUNCI",

  "pressDown": "Tekan Bawah Untuk Memasuki",
  "pressDownStage": "Tekan bawah untuk memasuki panggung",
  "checkpoint": "Titik pemeriksaan",

  "death0_1": "Ditombak!",
  "death0_2": "Dipecahkan!",
  "death1_1": "Berceceran!",
  "death1_2": "Pendaratan Kasar!",
  "death2_1": "Terparut!",
  "death2_2": "Buzzkill!",
  "death2_3": "Digergaji hingga serpihan!",
  "death3_1": "Dihancurkan!",
  "death3_2": "Ditindih!",
  "death3_3": "Terlalu ditekan!",
  "death4_1": "Paru-paru bocor!",
  "death4_2": "Tenggelam!",
  "death4_3": "Tidur tanpa ikan ...!",
  "death5_1": "Jatuh dari dunia!",
  "death5_2": "Langsung ke neraka!",
  "death5_3": "Jatuh terlalu jauh!",
  "death6_1": "Tidak boleh masuk!",
  "death7_1": "Terjepit",
  "death7_2": "Ditindih!",
  "death7_3": "Dihancurkan!",
  "death8_1": "Dituai",
  "death8_2": "Disabit",
  "death8_3": "Kematian Suram",
  "death8_4": "Dipenggal",
  "death9_1": "mencoba shurikenjutsu!",
  "death9_2": "Ninja buruk!",
  "death9_3": "Dipotong dan dicincang!",
  "death10_1": "Kematian empat cara!",
  "death10_2": "Dipotong dan dicincang!",
  "death11_1": "Disengat listrik!",
  "death11_2": "Tertidur!",
  "death11_3": "Mengejutkan.",
  "death12_1": "Dihancurkan!",
  "death12_2": "Ditindih!",
  "death12_3": "Terlalu ditekan!",
  "death13_1": "Digesek.",
  "death13_2": "Sangat sibuk.",
  "death13_3": "Dicabik-cabik",
  "death14_1": "Dilenyapkan!",
  "death14_2": "Di-splaser!",
  "death14_3": "Menggoreng vexman!",
  "death15_1": "Kejutan ditombak!",
  "death15_2": "Dipenetrasi!",

  "tf1":"Selamat datang kembali di [0]VEX[0]",
  "tf2":"Tekan [1]bawah[1] untuk memasuki [1]Aksi1[1]",
  "tf3":"Dengan [0]layangan[0] kamu bisa terbang!",
  "tf4":"Gunakan obor untuk meledakkan TNT!",
  "tf5":"Jangan sentuh airnya atau kau akan kehilangan obormu",
  "tf6":"Mainkan [2]aksi[2] baru dengan berdiri di depan [2]blok[2] aksinya",
  "tf7":"Lompat dari [3]sisi ke sisi[3] untuk bangun",
  "tf8":"Mari rekap dari [2]Vex2[2]",
  "tf9":"Awas! Blok abu-abu menyala dan mati",
  "tf10":"[2]Ikuti[2] [2]panah[2] untuk mencapai akhirnya",
  "tf11":"Saat berlari, [2]tahan[2] untuk [2]meluncur[2]!",
  "tf12":"Seperti sebelumnya, blok [4]ungu[4] lumayan [4]lemah[4]",
  "tf13":"Bergerak dengan [5]tombolpanah[5] atau [5]WASD[5]",
  "tf13Mob":"Sentuh [5]Panah[5] untuk [5]BERGERAK[5]",
  "tf14":"Blok [6]Oranye[6] memantulkan kamu sangat tinggi!",
  "tf15":"Kamu bisa menggunakan tiang untuk meluncur ke atas dan bawah",
  "tf16":"Portal-portal ini meneleportasi kamu ke tempat lain di peta",
  "tf18":"Kamu [2]bermain dengan baik[2] sejauh ini!",
  "tf19":"Awas, [7]jatuh yang panjang[7] bisa membunuhmu!",
  "tf20":"Hati-hati, [8]napas[8] kamu hampir habis! Berenang dengan [8]bergerak ke depan[8] ke arah kamu menghadap",
  "tf21":"Blok [9]cokelat[9] bisa [8]didorong[8] ke mana saja!",
  "tf22":"[8]Tekan bawah[8] pada blok yang terjebak untuk [8]menendangnya[8]",
  "tf23":"[10]Lompat[10] saat ada di bagian [11]merah[11] untuk berayun ke depan",
  "tf24":"[10]Melompat[10] dalam [12]bagian biru[12] mengayunmu lebih jauh",
  "tf25":"[10]Ubah arah[10] ayunanmu menggunakan [10]kiri[10] atau [10]kanan[10]",
  "tf26":"[13]Es[13] [13]licin[13] dan [13]lumer[13] seiring waktu!",
  "tf27":"[10]Tahan[10] di udara untuk [10]menendang[10] dan memecahkan [14]kaca[14]",
  "tf28":"[15]Blok kecepatan[15] menggerakkanmu ke arah yang ditunjukkan!",
  "tf29":"Untuk mengalahkan [15]laser[15] kamu harus cepat!  Coba gunakan [16]kemampuan tendangan[16] kamu dengan [16]menahan[16] di udara",
  "tf30":"Gunakan [10]kunci[10] untuk membuka [17]blok yang dikunci[17]",
  "tf31":"[18]Portal[18] ada di ujung [19]blok yang dikunci[19]!",
  "tf32":"Kamu harus [20]menemukan[20] [10]kuncinya[10]!",
  "tf33":"[3]Masuk[3] ke dalam [21]meriam[21] dan [3]tekan atas[3] saat kamu ingin ditembakkan!",
  "tf34":"Gelembung kecil ini [22]mengisi ulang[22] napasmu di bawah air!",
  "tf35":"Hati-hati dengan percikan di sekitar pinggirannya",
  "tf36":"[25]Blok solar[25] hilang saat [26]cahaya[26] mati!",
  "tf37":"Jika percikan menyentuh air akan dialiri listrik",
  "tf38":"Terima kasih telah memainkan [29]Vex 3[29]! Kamu hampir selesai...",
  "tf39":"Blok [30]pink[30] menjadi [31]transparan[31] semakin kamu mendekat",
  "tf40":"Kunci [11]merah[11] hilang setelah 5 detik",
  "tf41":"Kamu bisa [32]melihat sekeliling[32] tahap sementara [32]diam berdiri[32]",
  "tf42":"Ini dia, [33]tes final[33]. Jika kawatnya mengalahkanmu hingga akhir kamu harus [33]melakukan ulang seluruh aksi[33]!",
  "tf43":"Salah jalan, konyol!",
  "tf44":"Bagus sekali! Sekarang temukan [34]aksi selanjutnya[34]",
  "tf45":"Dapatkan [35]3 bintang[35] dalam [35]Aksi 1[35] untuk membuka [35]mode Sulit[35]" 
}