{
  "no": "いいえ",
  "yes": "はい",
  "retry":"再挑戦",
  "youOk": "大丈夫ですか？",
  "deaths": "死亡数",
  "totalDeaths": "合計死亡数",
  "perfect": "PERFECT",
  "gold": "GOLD",
  "silver": "SILVER",
  "bronze": "BRONZE",
  "cleared":"クリア",
  
  "language": "言語",
  "ui_mm_start": "ゲームをプレイ",
  "ui_trophie_title": "トロフィー",
  "ui_trophie_section1_title": "スタンダードアクト",
  "ui_trophie_section2_title": "ハードコア",
  "ui_trophie_section3_title": "楽しさ全開",
  "ui_trophie_section4_title": "クリア",
  "ui_trophie_name_0": "チャレンジ",
  "ui_trophie_name_1": "アクト 1",
  "ui_trophie_name_2": "アクト 2",
  "ui_trophie_name_3": "アクト 3",
  "ui_trophie_name_4": "アクト 4",
  "ui_trophie_name_5": "アクト 5",
  "ui_trophie_name_6": "アクト 6",
  "ui_trophie_name_7": "アクト 7",
  "ui_trophie_name_8": "アクト 8",
  "ui_trophie_name_9": "アクト 9",
  "ui_trophie_name_10": "ベクセーション",
  "ui_trophie_name_hub": "レベルハブ",
  "ui_trophie_name_1Hard": "アクト 1 ハード",
  "ui_trophie_name_2Hard": "アクト 2 ハード",
  "ui_trophie_name_3Hard": "アクト 3 ハード",
  "ui_trophie_name_4Hard": "アクト 4 ハード",
  "ui_trophie_name_5Hard": "アクト 5 ハード",
  "ui_trophie_name_6Hard": "アクト 6 ハード",
  "ui_trophie_name_7Hard": "アクト 7 ハード",
  "ui_trophie_name_8Hard": "アクト 8 ハード",
  "ui_trophie_name_9Hard": "アクト 9 ハード",
  "ui_trophie_name_11": "独り占め！",
  "ui_trophie_name_12": "ボックス！",
  "ui_trophie_name_13": "登れ！",
  "ui_trophie_name_14": "ノコギリの間",
  "ui_trophie_name_15": "信じる者は救われる",
  "ui_trophie_name_16": "キーホルダー",
  "ui_trophie_name_17": "思いきれ",
  "ui_trophie_name_18": "消灯！",
  "ui_trophie_name_19": "型破り",
  "ui_trophie_name_20": "型はまり",
  "ui_trophie_name_21": "一歩ずつ",
  "ui_trophie_name_22": "倍賭け",
  "ui_trophie_name_23": "三度目の正直",
  "ui_trophie_name_24": "ファンタスティック・フォー",
  "ui_trophie_name_25": "五感",
  "ui_trophie_name_26": "悪魔",
  "ui_trophie_name_27": "ラッキーガイ",
  "ui_trophie_name_28": "8 回目の奇跡",
  "ui_trophie_name_29": "9 つの命",
  "ui_trophie_name_30": "パーフェクト！",
  "ui_trophie_name_31": "息切れ",
  "ui_trophie_name_32": "あっという間 V2.0",
  "ui_trophie_name_33": "警告",
  "ui_trophie_name_34": "死の将軍",
  "ui_trophie_name_35": "オリンピック選手",
  "ui_trophie_name_36": "完璧主義",
  "ui_trophie_name_37": "天文学者",
  "ui_trophie_name_38": "勝ち組",
  "ui_trophie_name_39": "チャレンジャー",
  "ui_trophie_name_40": "エクストリーム",
  "ui_trophie_name_41": "エクストリーム",
  "ui_trophie_name_42": "エクストリーム",
  "ui_trophie_name_43": "エクストリーム",
  "ui_trophie_name_44": "エクストリーム",
  "ui_trophie_name_45": "エクストリーム",
  "ui_trophie_name_46": "エクストリーム",
  "ui_trophie_name_47": "エクストリーム",
  "ui_trophie_name_48": "エクストリーム",
  "ui_trophie_description_1": "任意のランキングでアクト 1 を完了",
  "ui_trophie_description_2": "任意のランキングでアクト 2 を完了",
  "ui_trophie_description_3": "任意のランキングでアクト 3 を完了",
  "ui_trophie_description_4": "任意のランキングでアクト 4 を完了",
  "ui_trophie_description_5": "任意のランキングでアクト 5 を完了",
  "ui_trophie_description_6": "任意のランキングでアクト 6 を完了",
  "ui_trophie_description_7": "任意のランキングでアクト 7 を完了",
  "ui_trophie_description_8": "任意のランキングでアクト 8 を完了",
  "ui_trophie_description_9": "任意のランキングでアクト 9 を完了",
  "ui_trophie_description_10": "任意のランキングでベクセーションを完了",
  "ui_trophie_description_11": "アクト 1 で隠し星を取る",
  "ui_trophie_description_12": "アクト 2 で隠し星を取る",
  "ui_trophie_description_13": "アクト 3 で隠し星を取る",
  "ui_trophie_description_14": "アクト 4 で隠し星を取る",
  "ui_trophie_description_15": "アクト 5 で隠し星を取る",
  "ui_trophie_description_16": "アクト 6 で隠し星を取る",
  "ui_trophie_description_17": "アクト 7 で隠し星を取る",
  "ui_trophie_description_18": "アクト 8 で隠し星を取る",
  "ui_trophie_description_19": "アクト 9 で隠し星を取る",
  "ui_trophie_description_20": "ベクセーションで隠し星を取る",
  "ui_trophie_description_21": "アクト 1 のチャレンジモードを完了",
  "ui_trophie_description_22": "アクト 2 のチャレンジモードを完了",
  "ui_trophie_description_23": "アクト 3 のチャレンジモードを完了",
  "ui_trophie_description_24": "アクト 4 のチャレンジモードを完了",
  "ui_trophie_description_25": "アクト 5 のチャレンジモードを完了",
  "ui_trophie_description_26": "アクト 6 のチャレンジモードを完了",
  "ui_trophie_description_27": "アクト 7 のチャレンジモードを完了",
  "ui_trophie_description_28": "アクト 8 のチャレンジモードを完了",
  "ui_trophie_description_29": "アクト 9 のチャレンジモードを完了",
  "ui_trophie_description_30": "パーフェクトランキングで任意のアクトを完了",
  "ui_trophie_description_31": "泳いでいる時に泡が 1 つ残っている状態で水面に顔を出す",
  "ui_trophie_description_32": "1 時間以上ゲームをプレイ",
  "ui_trophie_description_33": "押せるブロックに潰される",
  "ui_trophie_description_34": "合計で 100 を超える死を達成",
  "ui_trophie_description_35": "すべてのアクトで金以上を達成",
  "ui_trophie_description_36": "すべてのアクトでパーフェクト以上を達成",
  "ui_trophie_description_37": "ゲームですべての星を獲得",
  "ui_trophie_description_38": "チャレンジモードですべてのアクトを完了",
  "ui_trophie_description_39": "チャレンジルームを完了",
  "ui_options_title": "オプション",
  "ui_options_music": "BGM",
  "ui_options_sound": "サウンド",
  "ui_options_enable": "オン",
  "ui_options_disable": "オフ",
  "ui_options_auto_save": "ベストタイムを達成できない時は 自動的にリセット",
  "ui_level_complet_title": "レベル完了",
  "ui_gp_hub_name_title": "自己タイム",
  "ui_gp_rank_gold": "金",
  "ui_gp_rank_silver": "銀",
  "ui_gp_rank_bronze": "銅",
  "ui_gp_challenge_floor": "フロア",
  "ui_act_select_title": "アクト選択",
  "ui_gp_challenge_floors": "フロア",
  "ui_gp_challenge_room": "チャレンジルーム",
  "ui_gp_challenge_time": "自己タイム",
  "ui_achievement_title": "実績がアンロック！",
  "act_select_hard": "ハードモード",
  "hell_locked": "ロック",

  "pressDown": "下を押して 入る",
  "pressDownStage": "下を押してステージに入る",
  "checkpoint": "チェックポイント",

  "death0_1": "刺された！",
  "death0_2": "弾けた！",
  "death1_1": "飛び散った！",
  "death1_2": "落下着地！",
  "death2_1": "ズタズタにされた！",
  "death2_2": "興ざめ！",
  "death2_3": "バラバラになった！",
  "death3_1": "つぶされた！",
  "death3_2": "ぺしゃんこになった！",
  "death3_3": "押しつぶされた！",
  "death4_1": "肺がつぶれた！",
  "death4_2": "溺死した！",
  "death4_3": "魚のいない睡眠...！",
  "death5_1": "世界から落ちた！",
  "death5_2": "地獄に真っ逆さま！",
  "death5_3": "この高さは助からない！",
  "death6_1": "入れない！",
  "death7_1": "つぶされた",
  "death7_2": "ぺしゃんこになった！",
  "death7_3": "つぶされた！",
  "death8_1": "刈られた",
  "death8_2": "刈り取られた",
  "death8_3": "哀れな死",
  "death8_4": "切断された",
  "death9_1": "手裏剣の術を使った！",
  "death9_2": "無能な忍者！",
  "death9_3": "薄切りで角切りした！",
  "death10_1": "4 通りの死！",
  "death10_2": "薄切りで角切りした！",
  "death11_1": "感電した！",
  "death11_2": "意識を失った！",
  "death11_3": "ショックを受けている。",
  "death12_1": "つぶされた！",
  "death12_2": "ぺしゃんこになった！",
  "death12_3": "押しつぶされた！",
  "death13_1": "強打された。",
  "death13_2": "てんてこ舞いだ。",
  "death13_3": "バラバラにされた",
  "death14_1": "粉砕された！",
  "death14_2": "飛び散った！",
  "death14_3": "ベックスマンの油攻め！",
  "death15_1": "急に刺された！",
  "death15_2": "貫かれた！",

  "tf1":"[0]ベックス[0]へようこそ",
  "tf2":"[1]下[1]を押して[1]アクト 1[1] に入る",
  "tf3":"[0]凧[0]があれば空を飛べる！",
  "tf4":"タイマツでダイナマイトを爆発させられる！",
  "tf5":"水に触れるとタイマツを失う",
  "tf6":"アクト[2]ブロック[2]の上に立って新しい[2]アクト[2]をプレイしよう",
  "tf7":"[3]横向き[3]にジャンプして上に上がろう",
  "tf8":"[2]「ベックス 2」[2]のおさらい",
  "tf9":"気を付けよう！灰色のブロックは消えたり現れたりする",
  "tf10":"ゴールまで[2]矢印[2]に[2]従おう[2]",
  "tf11":"走っている時に[2]下を長押し[2]で[2]滑走[2]！",
  "tf12":"例にならって[4]紫[4]のブロックはとても[4]弱い[4]",
  "tf13":"[5]矢印キー[5]か [5]WASD[5] で移動しよう",
  "tf13Mob":"[5]矢印[5]をタッチして[5]移動[5]しよう",
  "tf14":"[6]オレンジ[6]のブロックで高くジャンプすることができる！",
  "tf15":"棒をつかんで上下にスライドできる",
  "tf16":"これらのポータルでマップの別の場所にテレポートできる",
  "tf18":"今のところ[2]いい調子[2]！",
  "tf19":"[7]高い所から落ちる[7]と死ぬので気を付けよう！",
  "tf20":"気を付けよう。[8]息[8]が切れそうだ！[8]進行方向[8]に向かって移動することで泳げる",
  "tf21":"[9]茶色[9]のブロックは両方向に[8]押せる[8]！",
  "tf22":"ハマったブロックの上で[8]下を押して[8][8]蹴り出そう[8]",
  "tf23":"[11]赤[11]セクションで[10]ジャンプ[10]すると前へスイングできる",
  "tf24":"[12]青セクション[12]で[10]ジャンプ[10]すると遠くへスイングできる",
  "tf25":"[10]左[10]または[10]右[10]を使ってスイングの[10]方向を変更[10]",
  "tf26":"[13]氷[13]は[13]滑り[13]、時間が経つと[13]溶ける[13]！",
  "tf27":"空中で[10]下を長押し[10]すると、[14]グラス[14]を[10]キック[10]して割れる",
  "tf28":"[15]スピードブロック[15]は表示される方向に動かしてくれる！",
  "tf29":"[15]レーザー[15]を通過するため素早く動こう！  空中で[16]下を長押し[16]して[16]キック[16]を使おう",
  "tf30":"[17]ロックされたブロック[17]を[10]カギ[10]でアンロックしよう",
  "tf31":"[18]ポータル[18]は[19]ロックされたブロック[19]の終わりにある！",
  "tf32":"[10]カギ[10]を[20]見つける[20]必要がある！",
  "tf33":"[21]大砲[21]の中に[3]入って[3]発射したい時に[3]上を押そう[3]！",
  "tf34":"この小さな泡は水中にいる時に空気を[22]補充[22]してくれる！",
  "tf35":"端で発生する火花に気を付けよう",
  "tf36":"[25]ソーラーブロック[25]は[26]光[26]がなくなると消える！",
  "tf37":"火花が水に触れると電流が流れる",
  "tf38":"[29]「ベックス 3」[29]をプレイいただきありがとうございます！もう少しで終了です...",
  "tf39":"[30]ピンク[30]のブロックは近づくと[31]透明[31]になる",
  "tf40":"[11]赤[11]いカギは 5 秒後に消える",
  "tf41":"[32]じっと立っている[32]状態でステージを[32]見渡す[32]ことができる",
  "tf42":"これが[33]最終テスト[33]。ワイヤーに先にゴールされると[33]アクトを最初からやり直す[33]ことになる！",
  "tf43":"そっちじゃないよ！",
  "tf44":"お見事！[34]次のアクト[34]を探そう",
  "tf45":"[35]ハードモード[35]をアンロックするために[35]アクト 1[35] で [35]3 つ星[35]を獲得しよう"
}