{
  "yes": "Sì",
  "no": "NO",
  "retry":"RITENTA",
  "youOk": "STAI BENE?",
  "deaths": "Morti",
  "totalDeaths": "Morti totali",
  "perfect": "PERFETTO",
  "gold": "ORO",
  "silver": "ARGENTO",
  "bronze": "BRONZO",
  "cleared":"CANCELLATO",
  
  "language": "Lingua",
  "ui_mm_start": "Gioca",
  "ui_trophie_title": "Trofei",
  "ui_trophie_section1_title": "Atti standard",
  "ui_trophie_section2_title": "Hardcore",
  "ui_trophie_section3_title": "Roba impressionante",
  "ui_trophie_section4_title": "Completamento",
  "ui_trophie_name_0": "sfida",
  "ui_trophie_name_1": "Atto 1",
  "ui_trophie_name_2": "Atto 2",
  "ui_trophie_name_3": "Atto 3",
  "ui_trophie_name_4": "Atto 4",
  "ui_trophie_name_5": "Atto 5",
  "ui_trophie_name_6": "Atto 6",
  "ui_trophie_name_7": "Atto 7",
  "ui_trophie_name_8": "Atto 8",
  "ui_trophie_name_9": "Atto 9",
  "ui_trophie_name_10": "Vessazione",
  "ui_trophie_name_hub": "Hub di livello",
  "ui_trophie_name_1Hard": "Atto 1 Difficile",
  "ui_trophie_name_2Hard": "Atto 2 Difficile",
  "ui_trophie_name_3Hard": "Atto 3 Difficile",
  "ui_trophie_name_4Hard": "Atto 4 Difficile",
  "ui_trophie_name_5Hard": "Atto 5 Difficile",
  "ui_trophie_name_6Hard": "Atto 6 Difficile",
  "ui_trophie_name_7Hard": "Atto 7 Difficile",
  "ui_trophie_name_8Hard": "Atto 8 Difficile",
  "ui_trophie_name_9Hard": "Atto 9 Difficile",
  "ui_trophie_name_11": "Mio !",
  "ui_trophie_name_12": "Grazie Scatola !",
  "ui_trophie_name_13": "È la salita !",
  "ui_trophie_name_14": "In mezzo a una sega",
  "ui_trophie_name_15": "Salto della Fede",
  "ui_trophie_name_16": "Portachiavi",
  "ui_trophie_name_17": "Fai il grande passo",
  "ui_trophie_name_18": "Luci spente !",
  "ui_trophie_name_19": "Fuori dagli schemi",
  "ui_trophie_name_20": "All'interno della scatola",
  "ui_trophie_name_21": "Un passo alla volta",
  "ui_trophie_name_22": "Double Down",
  "ui_trophie_name_23": "Il terzo è il fascino",
  "ui_trophie_name_24": "Fantastici Quattro",
  "ui_trophie_name_25": "Batti cinque",
  "ui_trophie_name_26": "Demone",
  "ui_trophie_name_27": "Sei fortunato",
  "ui_trophie_name_28": "Otto volte campione",
  "ui_trophie_name_29": "Nove vite",
  "ui_trophie_name_30": "Perfetto !",
  "ui_trophie_name_31": "Ansimando",
  "ui_trophie_name_32": "Il tempo vola V2.0",
  "ui_trophie_name_33": "Su lo sguardo",
  "ui_trophie_name_34": "Magnate della morte",
  "ui_trophie_name_35": "Olimpionico",
  "ui_trophie_name_36": "Perfezionista",
  "ui_trophie_name_37": "Astronomo",
  "ui_trophie_name_38": "Vincitore",
  "ui_trophie_name_39": "Sfidante",
  "ui_trophie_name_40": "Estremo",
  "ui_trophie_name_41": "Estremo",
  "ui_trophie_name_42": "Estremo",
  "ui_trophie_name_43": "Estremo",
  "ui_trophie_name_44": "Estremo",
  "ui_trophie_name_45": "Estremo",
  "ui_trophie_name_46": "Estremo",
  "ui_trophie_name_47": "Estremo",
  "ui_trophie_name_48": "Estremo",
  "ui_trophie_description_1": "Completa l'atto 1 a qualsiasi classifica",
  "ui_trophie_description_2": "Completa l'atto 2 a qualsiasi classifica",
  "ui_trophie_description_3": "Completa l'atto 3 a qualsiasi classifica",
  "ui_trophie_description_4": "Completa l'atto 4 a qualsiasi classifica",
  "ui_trophie_description_5": "Completa l'atto 5 a qualsiasi classifica",
  "ui_trophie_description_6": "Completa l'atto 6 a qualsiasi classifica",
  "ui_trophie_description_7": "Completa l'atto 7 a qualsiasi classifica",
  "ui_trophie_description_8": "Completa l'atto 8 a qualsiasi classifica",
  "ui_trophie_description_9": "Completa l'atto 9 a qualsiasi classifica",
  "ui_trophie_description_10": "Completa la Vessazione a qualsiasi classifica",
  "ui_trophie_description_11": "Afferra la stella nascosta nell'Atto 1",
  "ui_trophie_description_12": "Afferra la stella nascosta nell'Atto 2",
  "ui_trophie_description_13": "Afferra la stella nascosta nell'Atto 3",
  "ui_trophie_description_14": "Afferra la stella nascosta nell'Atto 4",
  "ui_trophie_description_15": "Afferra la stella nascosta nell'Atto 5",
  "ui_trophie_description_16": "Afferra la stella nascosta nell'Atto 6",
  "ui_trophie_description_17": "Afferra la stella nascosta nell'Atto 7",
  "ui_trophie_description_18": "Afferra la stella nascosta nell'Atto 8",
  "ui_trophie_description_19": "Afferra la stella nascosta nell'Atto 9",
  "ui_trophie_description_20": "Afferra la stella nascosta nella Vessazione",
  "ui_trophie_description_21": "Completa la modalità Sfida per l'atto 1",
  "ui_trophie_description_22": "Completa la modalità Sfida per l'Atto 2",
  "ui_trophie_description_23": "Completa la modalità sfida per l'Atto 3",
  "ui_trophie_description_24": "Completa la modalità Sfida per l'Atto 4",
  "ui_trophie_description_25": "Completa la modalità Sfida per l'Atto 5",
  "ui_trophie_description_26": "Completa la modalità sfida per l'Atto 6",
  "ui_trophie_description_27": "Completa la modalità Sfida per l'Atto 7",
  "ui_trophie_description_28": "Completa la modalità Sfida per l'Atto 8",
  "ui_trophie_description_29": "Completa la modalità sfida per l'Atto 9",
  "ui_trophie_description_30": "Completa tutti gli Atti con classifica perfetta",
  "ui_trophie_description_31": "Torna in superficie dal nuoto con una bolla rimasta",
  "ui_trophie_description_32": "Gioca al gioco per oltre un'ora",
  "ui_trophie_description_33": "Rimani schiacciato da un blocco mobile",
  "ui_trophie_description_34": "Ottieni oltre 100 morti totali",
  "ui_trophie_description_35": "Ottieni oro o migliore su ogni Atto",
  "ui_trophie_description_36": "Raggiungi perfetto o migliore su ogni Atto",
  "ui_trophie_description_37": "Raccogli ogni stella nel gioco",
  "ui_trophie_description_38": "Completa ogni atto in modalità Sfida",
  "ui_trophie_description_39": "Completa la stanza delle sfide",
  "ui_options_title": "Opzioni",
  "ui_options_music": "Musica",
  "ui_options_sound": "Suono",
  "ui_options_enable": "ATTIVATO",
  "ui_options_disable": "DISATTIVATO",
  "ui_options_auto_save": "Reset automatico quando  il tempo migliore è stato superato",
  "ui_level_complet_title": "Livello completato",
  "ui_gp_hub_name_title": "Il tuo tempo",
  "ui_gp_rank_gold": "Oro",
  "ui_gp_rank_silver": "Argento",
  "ui_gp_rank_bronze": "Bronzo",
  "ui_gp_challenge_floor": "SUOLO",
  "ui_act_select_title": "Selezione atto",
  "ui_gp_challenge_floors": "Piani",
  "ui_gp_challenge_room": "Stanza della sfida",
  "ui_gp_challenge_time": "Il tuo tempo",
  "ui_achievement_title": "Achievement sbloccati!",
  "act_select_hard": "Modalità difficile",
  "hell_locked": "BLOCCATO",

  "pressDown": "Premi il tasto giù per entrare",
  "pressDownStage": "Premi il tasto giù per entrare nella fase",
  "checkpoint": "Checkpoint",

  "death0_1": "Infilzato!",
  "death0_2": "Scoppiato!",
  "death1_1": "Spiaccicato!",
  "death1_2": "Atterraggio duro",
  "death2_1": "Triturato!",
  "death2_2": "Guastafeste!",
  "death2_3": "Segato a pezzi!",
  "death3_1": "Distrutto!",
  "death3_2": "Schiacciato!",
  "death3_3": "Troppo compresso!",
  "death4_1": "Polmoni collassati!",
  "death4_2": "Annegato!",
  "death4_3": "Dormire senza pesci...!",
  "death5_1": "Caduto fuori dal mondo!",
  "death5_2": "Dritto all'inferno!",
  "death5_3": "Caduto troppo lontano!",
  "death6_1": "Nessuna entrata!",
  "death7_1": "Strizzato",
  "death7_2": "Schiacciato!",
  "death7_3": "Distrutto!",
  "death8_1": "Falciato",
  "death8_2": "Tagliato",
  "death8_3": "Morte triste",
  "death8_4": "Decapitato",
  "death9_1": "Ha provato lo shurikenjutsu!",
  "death9_2": "Ninja cattivo!",
  "death9_3": "Affettato e tagliato a dadini!",
  "death10_1": "Morte a quattro vie!",
  "death10_2": "Affettato e tagliato a dadini!",
  "death11_1": "Folgorato!",
  "death11_2": "Elettrizzato!",
  "death11_3": "Scioccante.",
  "death12_1": "Distrutto!",
  "death12_2": "Schiacciato!",
  "death12_3": "Troppo compresso!",
  "death13_1": "Colpito.",
  "death13_2": "Scappato di corsa.",
  "death13_3": "Strappato a pezzi",
  "death14_1": "Obliterato!",
  "death14_2": "Laserizzato!",
  "death14_3": "Vexman fritto!",
  "death15_1": "Infilzato a sorpresa!",
  "death15_2": "Penetrato!",

  "tf1":"Bentornati su [0]VEX[0]",
  "tf2":"Premi [1]giù[1] per entrare nell'[1] Atto 1[1]",
  "tf3":"Con l'[0]acquilone[0] puoi volare!",
  "tf4":"Utilizza la torcia per far saltare in aria il TNT!",
  "tf5":"Non toccare l'acqua o perderai la torcia",
  "tf6":"Gioca i nuovi [2]atti[2] rimanendo in piedi sul loro [2]blocco[2]",
  "tf7":"Salta da [3]lato a lato[3] per alzarti",
  "tf8":"Ricapitoliamo da [2]Vex2[2]",
  "tf9":"Attento! I blocchi grigi si accendono e si spengono",
  "tf10":"[2]Segui[2] le [2]frecce[2] per raggiungere la fine",
  "tf11":"Durante la corsa, [2]tieni premuto giù[2] per [2]scivolare[2]!",
  "tf12":"Come prima, i blocchi [4]viola[4] sono piuttosto [4]deboli[4]",
  "tf13":"Spostati con i  [5]tasti freccia[5] o [5]WASD[5]",
  "tf13Mob":"Tocca le  [5]frecce[5] per [5]MUOVERTI[5]",
  "tf14":"I blocchi [6]arancioni[6] ti fanno saltare in alto!",
  "tf15":"Puoi afferrare un palo per scivolare su e giù",
  "tf16":"Questi portali ti teletrasportano in un altro posto sulla mappa",
  "tf18":"Stai [2]andando bene[2] finora!",
  "tf19":"Attenzione, [7]cadere dall'alto[7] può ucciderti!",
  "tf20":"Attenzione, il tuo [8]fiato[8] si sta esaurendo! Nuota [8]andando avanti[8] nella direzione in cui sei rivolto",
  "tf21":"I blocchi [9]marroni[9] possono essere [8]spinti[8] in entrambe le direzioni!",
  "tf22":"[8]Premi il tasto giù[8] su un blocco intrappolato per [8]calciarlo[8] via",
  "tf23":"[10]Salta[10] mentre sei nella sezione [11]rossa[11] per oscillare in avanti",
  "tf24":"[10]Saltando[10] nella [12]sezione blu[12] oscillerai più lontano",
  "tf25":"[10]Cambia la direzione[10] dell'oscillazione usando [10]sinistra[10] o [10]destra[10]",
  "tf26":"[13]Il ghiaccio[13] è [13]scivoloso[13] e [13]si scioglie[13] nel tempo!",
  "tf27":"[10]Tieni premuto giù[10] a mezz'aria per [10]calciare[10] e distruggere il [14]vetro[14]",
  "tf28":"[15]I blocchi di velocità[15] ti spostano nella direzione indicata!",
  "tf29":"Per superare i [15]laser[15] devi essere veloce!  Prova a usare la tua [16]abilità calcio[16] [16]tenendo premuto giù[16] a mezz'aria",
  "tf30":"Utilizza i [10]tasti[10] per sbloccare i [17]blocchi bloccati[17]",
  "tf31":"Il [18]portale[18] si trova alla fine dei [19]blocchi bloccati 19]!",
  "tf32":"È necessario [20]trovare[20] le [10]chiavi[10]!",
  "tf33":"[3]Salta[3] nel [21]cannone[21] e [3]premi il tasto su[3] quando vuoi essere sparato!",
  "tf34":"Queste piccole bolle [22]ricaricano[22] il tuo ossigeno sott'acqua!",
  "tf35":"Attento alla scintilla intorno al bordo",
  "tf36":"[25]I blocchi solari[25] scompaiono quando la [26]luce[26] è spenta!",
  "tf37":"Se una scintilla tocca l'acqua diventa elettrificata",
  "tf38":"Grazie per aver giocato a [29]Vex 3[29]! Hai quasi finito...",
  "tf39":"I blocchi [30]rosa[30] diventano [31]invisibili[31] più ci si avvicina",
  "tf40":"Le chiavi [11]rosse[11] scompaiono dopo 5 secondi",
  "tf41":"È possibile [32]guardare intorno[32] alla fase mentre [32]rimani fermo in piedi[32]",
  "tf42":"Questo è tutto, il [33]test finale[33]. Se il filo ti batte fino alla fine, dovrai [33]rifare l'intero atto[33]!",
  "tf43":"Direzione sbagliata, sciocco!",
  "tf44":"Ottimo lavoro! Ora vai e trova il [34]prossimo atto[34]",
  "tf45":"Ottieni [35]3 stelle[35] nell'[35]Atto 1[35] per sbloccare la [35]Modalità difficile[35]"
}