{
  "yes": "Oui",
  "no": "Non",
  "retry":"RÉESSAYER",
  "youOk": "EST-CE QUE TOUT VA BIEN?",
  "deaths": "Morts",
  "totalDeaths": "Total des morts",
  "perfect": "PARFAIT",
  "gold": "OR",
  "silver": "ARGENT",
  "bronze": "BRONZE",
  "cleared":"TERMINÉ",
  
  "language": "Langue",
  "ui_mm_start": "Jouer au jeu",
  "ui_trophie_title": "Trophées",
  "ui_trophie_section1_title": "Actes standard",
  "ui_trophie_section2_title": "Hardcore",
  "ui_trophie_section3_title": "Truc époustouflant",
  "ui_trophie_section4_title": "Achèvement",
  "ui_trophie_name_0": "défi",
  "ui_trophie_name_1": "Acte 1",
  "ui_trophie_name_2": "Acte 2",
  "ui_trophie_name_3": "Acte 3",
  "ui_trophie_name_4": "Acte 4",
  "ui_trophie_name_5": "Acte 5",
  "ui_trophie_name_6": "Acte 6",
  "ui_trophie_name_7": "Acte 7",
  "ui_trophie_name_8": "Acte 8",
  "ui_trophie_name_9": "Acte 9",
  "ui_trophie_name_10": "Vexation",
  "ui_trophie_name_hub": "Hub de niveau",
  "ui_trophie_name_1Hard": "Acte 1 Difficile",
  "ui_trophie_name_2Hard": "Acte 2 Difficile",
  "ui_trophie_name_3Hard": "Acte 3 Difficile",
  "ui_trophie_name_4Hard": "Acte 4 Difficile",
  "ui_trophie_name_5Hard": "Acte 5 Difficile",
  "ui_trophie_name_6Hard": "Acte 6 Difficile",
  "ui_trophie_name_7Hard": "Acte 7 Difficile",
  "ui_trophie_name_8Hard": "Acte 8 Difficile",
  "ui_trophie_name_9Hard": "Acte 9 Difficile",
  "ui_trophie_name_11": "À moi !",
  "ui_trophie_name_12": "Merci Box !",
  "ui_trophie_name_13": "C'est l'escalade !",
  "ui_trophie_name_14": "Entre une scie",
  "ui_trophie_name_15": "Saut de l'ange",
  "ui_trophie_name_16": "Porte-clés",
  "ui_trophie_name_17": "Le grand plongeon",
  "ui_trophie_name_18": "Extinction des feux !",
  "ui_trophie_name_19": "En dehors de la boîte",
  "ui_trophie_name_20": "Dans la boîte",
  "ui_trophie_name_21": "Chaque chose en son temps",
  "ui_trophie_name_22": "Redoublement",
  "ui_trophie_name_23": "La troisième fois est la bonne",
  "ui_trophie_name_24": "Les Quatre Fantastiques",
  "ui_trophie_name_25": "Tope-là",
  "ui_trophie_name_26": "Démon",
  "ui_trophie_name_27": "Vous êtes chanceux",
  "ui_trophie_name_28": "Huit fois champion",
  "ui_trophie_name_29": "Neuf vies",
  "ui_trophie_name_30": "Parfait !",
  "ui_trophie_name_31": "Respiration haletante",
  "ui_trophie_name_32": "Le temps file vite",
  "ui_trophie_name_33": "Tête la première",
  "ui_trophie_name_34": "Magnat de la mort",
  "ui_trophie_name_35": "Olympien",
  "ui_trophie_name_36": "Perfectionniste",
  "ui_trophie_name_37": "Astronome",
  "ui_trophie_name_38": "Gagnant",
  "ui_trophie_name_39": "Amateur de défis",
  "ui_trophie_name_40": "Extrême",
  "ui_trophie_name_41": "Extrême",
  "ui_trophie_name_42": "Extrême",
  "ui_trophie_name_43": "Extrême",
  "ui_trophie_name_44": "Extrême",
  "ui_trophie_name_45": "Extrême",
  "ui_trophie_name_46": "Extrême",
  "ui_trophie_name_47": "Extrême",
  "ui_trophie_name_48": "Extrême",
  "ui_trophie_description_1": "Terminez l'acte 1 à n'importe quel rang",
  "ui_trophie_description_2": "Terminez l'acte 2 à n'importe quel rang",
  "ui_trophie_description_3": "Terminez l'acte 3 à n'importe quel rang",
  "ui_trophie_description_4": "Terminez l'acte 4 à n'importe quel rang",
  "ui_trophie_description_5": "Terminez l'acte 5 à n'importe quel rang",
  "ui_trophie_description_6": "Terminez l'acte 6 à n'importe quel rang",
  "ui_trophie_description_7": "Terminez l'acte 7 à n'importe quel rang",
  "ui_trophie_description_8": "Terminez l'acte 8 à n'importe quel rang",
  "ui_trophie_description_9": "Terminez l'acte 9 à n'importe quel rang",
  "ui_trophie_description_10": "Terminez la Vexation à n'importe quel rang",
  "ui_trophie_description_11": "Attrapez l'étoile cachée dans l'acte 1",
  "ui_trophie_description_12": "Attrapez l'étoile cachée dans l'acte 2",
  "ui_trophie_description_13": "Attrapez l'étoile cachée dans l'acte 3",
  "ui_trophie_description_14": "Attrapez l'étoile cachée dans l'acte 4",
  "ui_trophie_description_15": "Attrapez l'étoile cachée dans l'acte 5",
  "ui_trophie_description_16": "Attrapez l'étoile cachée dans l'acte 6",
  "ui_trophie_description_17": "Attrapez l'étoile cachée dans l'acte 7",
  "ui_trophie_description_18": "Attrapez l'étoile cachée dans l'acte 8",
  "ui_trophie_description_19": "Attrapez l'étoile cachée dans l'acte 9",
  "ui_trophie_description_20": "Attrapez l'étoile cachée dans la Vexation",
  "ui_trophie_description_21": "Terminez le mode défi de l'acte 1",
  "ui_trophie_description_22": "Terminez le mode défi de l'acte 2",
  "ui_trophie_description_23": "Terminez le mode défi de l'acte 3",
  "ui_trophie_description_24": "Terminez le mode défi de l'acte 4",
  "ui_trophie_description_25": "Terminez le mode défi de l'acte 5",
  "ui_trophie_description_26": "Terminez le mode défi de l'acte 6",
  "ui_trophie_description_27": "Terminez le mode défi de l'acte 7",
  "ui_trophie_description_28": "Terminez le mode défi de l'acte 8",
  "ui_trophie_description_29": "Terminez le mode défi de l'acte 9",
  "ui_trophie_description_30": "Terminez n'importe quel acte avec un rang parfait\",",
  "ui_trophie_description_31": "Revenez à la surface avec une bulle restante",
  "ui_trophie_description_32": "Jouez au jeu pendant plus d'une heure",
  "ui_trophie_description_33": "Faites-vous écraser par un bloc à pousser",
  "ui_trophie_description_34": "Mourrez plus de 100 fois au total",
  "ui_trophie_description_35": "Obtenez l'or ou mieux à chaque acte",
  "ui_trophie_description_36": "Atteignez la perfection ou mieux à chaque acte",
  "ui_trophie_description_37": "Collectez toutes les étoiles du jeu",
  "ui_trophie_description_38": "Terminez tous les actes du mode défi",
  "ui_trophie_description_39": "Terminez la salle des défis",
  "ui_options_title": "Options",
  "ui_options_music": "Musique",
  "ui_options_sound": "Son",
  "ui_options_enable": "ON",
  "ui_options_disable": "OFF",
  "ui_options_auto_save": "Réinitialisation automatique lorsque le meilleur temps est passé",
  "ui_level_complet_title": "Niveau terminé",
  "ui_gp_hub_name_title": "Votre temps",
  "ui_gp_rank_gold": "Or",
  "ui_gp_rank_silver": "Argent",
  "ui_gp_rank_bronze": "Bronze",
  "ui_gp_challenge_floor": "ÉTAGE",
  "ui_act_select_title": "Sélection de l'acte",
  "ui_gp_challenge_floors": "Étages",
  "ui_gp_challenge_room": "Salle des défis",
  "ui_gp_challenge_time": "Votre temps",
  "ui_achievement_title": "Succès débloqués !",
  "act_select_hard": "Mode difficile",
  "hell_locked": "VERROUILLÉ",

  "pressDown": "Appuyer sur le bas pour entrer",
  "pressDownStage": "Appuyez sur la touche du bas pour entrer dans le stage",
  "checkpoint": "Point de contrôle",

  "death0_1": "Perforé !",
  "death0_2": "Sauté !",
  "death1_1": "Éclaboussé !",
  "death1_2": "Atterrissage brutal !",
  "death2_1": "Rapetissé !",
  "death2_2": "Tueur de buzz !",
  "death2_3": "Scié en morceaux !",
  "death3_1": "Écrasé !",
  "death3_2": "Écrabouillé !",
  "death3_3": "Trop compressé !",
  "death4_1": "Poumons collabés !",
  "death4_2": "Noyé !",
  "death4_3": "Dormir sans poissons... !",
  "death5_1": "Tombé du monde !",
  "death5_2": "Directement en enfer !",
  "death5_3": "Tombé trop loin !",
  "death6_1": "Pas d'entrée !",
  "death7_1": "Aplati",
  "death7_2": "Écrabouillé !",
  "death7_3": "Écrasé !",
  "death8_1": "Moissonné",
  "death8_2": "Découpé à la faucille",
  "death8_3": "Mort lente",
  "death8_4": "Décapité",
  "death9_1": "a essayé le shurikenjutsu !",
  "death9_2": "Méchant ninja !",
  "death9_3": "Découpé en dés !",
  "death10_1": "Mort à quatre voies !",
  "death10_2": "Découpé en dés !",
  "death11_1": "Électrocuté !",
  "death11_2": "Allumé !",
  "death11_3": "Électrochoc.",
  "death12_1": "Écrasé !",
  "death12_2": "Écrabouillé !",
  "death12_3": "Trop compressé !",
  "death13_1": "Balayé.",
  "death13_2": "Chaviré.",
  "death13_3": "Déchiré en lambeaux",
  "death14_1": "Oblitéré !",
  "death14_2": "Fendu !",
  "death14_3": "Vexman frit !",
  "death15_1": "Perforé par surprise !",
  "death15_2": "Pénétré !",

  "tf1":"Bienvenue à nouveau à [0]VEX[0]",
  "tf2":"Appuyez sur la touche du [1]bas[1] pour entrer dans l'[1]Acte 1[1]",
  "tf3":"Grâce au [0]cerf-volant[0], vous pouvez voler !",
  "tf4":"Utilisez la torche pour faire exploser la TNT !",
  "tf5":"Ne touchez pas l'eau ou vous perdrez votre torche",
  "tf6":"Jouez de nouveaux [2]actes[2] en vous plaçant sur leur [2]bloc[2] d'actes",
  "tf7":"Sautez d'un [3]côté à l'autre[3] pour vous relever",
  "tf8":"Récapitulons à partir de [2]Vex2[2]",
  "tf9":"Attention ! Les blocs gris s'allument et s'éteignent",
  "tf10":"[2]Suivez[2] les [2]flèches[2] pour atteindre la fin",
  "tf11":"Lorsque vous courez, [2]maintenez enfoncé [2] pour [2]glisser [2] !",
  "tf12":"Comme auparavant, les blocs [4]violets[4] sont assez [4] faibles[4]",
  "tf13":"Déplacez-vous avec les [5]touches fléchées[5] ou [5]WASD[5]",
  "tf13Mob":"Touchez les [5]flèches[5] pour vous [5]DÉPLACER[5]",
  "tf14":"Les blocs [6]orange[6] vous font rebondir très haut !",
  "tf15":"Vous pouvez vous accrocher à un poteau pour glisser de haut en bas",
  "tf16":"Ces portails vous téléportent à un autre endroit de la carte",
  "tf18":"Vous vous en [2]sortez bien[2] jusqu'à présent !",
  "tf19":"Attention, les [7]longues chutes[7] peuvent vous tuer !",
  "tf20":"Attention, vous allez être à court de [8]souffle[8] !, Nagez en [8]avançant[8] dans la direction à laquelle vous faites face",
  "tf21":"Les blocs [9]marron[9] peuvent être [8]poussés[8] dans les deux sens !",
  "tf22":"[8]Appuyez vers le bas[8] sur un bloc coincé [8]pour le faire[8] sortir",
  "tf23":"[10]Sautez[10] lorsque vous êtes dans la section [11]rouge[11] pour vous balancer vers l'avant",
  "tf24":"[10]Sauter[10] dans la [12]section bleue[12] vous balance encore plus loin",
  "tf25":"[10]Changez la direction[10] de votre élan en utilisant la [10]gauche[10] ou la [10]droite[10]",
  "tf26":"[13]La glace[13] est [13]glissante[13] et [13]fond[13] avec le temps !",
  "tf27":"[10]Maintenez enfoncé[10] une fois en l'air pour [10]donner des coups de pied [10] et briser [14]le verre[14]",
  "tf28":"[15]Les blocs de vitesse[15] vous déplacent dans la direction indiquée !",
  "tf29":"Pour battre les [15]lasers[15], vous devez être rapide !  Essayez d'utiliser votre capacité de [16]coup de pied[16] en [16]maintenant enfoncé[16] une fois en l'air",
  "tf30":"Utilisez les [10]clés[10] pour débloquer les [17]blocs verrouillés[17]",
  "tf31":"Le [18]portail[18] se trouve à la fin des [19]blocs verrouillés[19] !",
  "tf32":"Vous devez [20]trouver[20] les [10]clés[10] !",
  "tf33":"[3]Sautez[3] dans le [21]canon[21] et [3]appuyez sur la touche du haut[3] quand vous voulez que l'on vous tire !",
  "tf34":"Ces petites bulles [22]rechargent[22] votre respiration sous l'eau !",
  "tf35":"Attention à l'étincelle sur le rebord",
  "tf36":"Les [25]blocs solaires[25] disparaissent lorsque la [26]lumière[26] est éteinte !",
  "tf37":"Si une étincelle touche l'eau, elle s'électrise",
  "tf38":"Merci d'avoir joué à [29]Vex 3[29] ! Vous avez presque terminé..",
  "tf39":"Les blocs [30]roses[30] deviennent [31]invisibles[31] à mesure que l'on s'approche",
  "tf40":"Les clés [11]rouges[11] disparaissent après 5 secondes",
  "tf41":"Vous pouvez [32]regarder dans[32] le stage tout en [32]restant immobile[32]",
  "tf42":"Nous y sommes, c'est le [33]test final[33]. Si le fil vous bat à la fin, vous devrez [33]recommencer l'intégralité de l'acte[33] !",
  "tf43":"Pas le bon chemin, idiot !",
  "tf44":"Joli travail ! Maintenant, allez chercher le [34]prochain acte[34]",
  "tf45":"Obtenez [35]3 étoiles[35] dans l'[35]Acte 1[35] pour débloquer le [35]mode Hardcore[35]"
}