{
  "no": "नहीं",
  "yes": "हाँ",
  "youOk": "क्या आप ठीक हैं?",
  "retry":"फिर से कोशिश करें",
  "deaths": "मृत्यु",
  "totalDeaths": "कुल मृत्यु",
  "perfect": "परफ़ेक्ट",
  "gold": "गोल्ड",
  "silver": "सिल्वर",
  "bronze": "ब्रॉन्ज़",
  "cleared":"हटाया गया",
  
  "language": "भाषा",
  "ui_mm_start": "गेम खेलें",
  "ui_trophie_title": "ट्राफी",
  "ui_trophie_section1_title": "स्टैंडर्ड एक्ट",
  "ui_trophie_section2_title": "हार्डकोर",
  "ui_trophie_section3_title": "शानदार चीज़ें",
  "ui_trophie_section4_title": "समापन",
  "ui_trophie_name_0": "चुनौती",
  "ui_trophie_name_1": "एक्ट 1",
  "ui_trophie_name_2": "एक्ट 2",
  "ui_trophie_name_3": "एक्ट 3",
  "ui_trophie_name_4": "एक्ट 4",
  "ui_trophie_name_5": "एक्ट 5",
  "ui_trophie_name_6": "एक्ट 6",
  "ui_trophie_name_7": "एक्ट 7",
  "ui_trophie_name_8": "एक्ट 8",
  "ui_trophie_name_9": "एक्ट 9",
  "ui_trophie_name_10": "वेक्सेशन",
  "ui_trophie_name_hub": "लेवल हब",
  "ui_trophie_name_1Hard": "एक्ट 1 कठिन",
  "ui_trophie_name_2Hard": "एक्ट 2 कठिन",
  "ui_trophie_name_3Hard": "एक्ट 3 कठिन",
  "ui_trophie_name_4Hard": "एक्ट 4 कठिन",
  "ui_trophie_name_5Hard": "एक्ट 5 कठिन",
  "ui_trophie_name_6Hard": "एक्ट 6 कठिन",
  "ui_trophie_name_7Hard": "एक्ट 7 कठिन",
  "ui_trophie_name_8Hard": "एक्ट 8 कठिन",
  "ui_trophie_name_9Hard": "एक्ट 9 कठिन",
  "ui_trophie_name_11": "माइन!",
  "ui_trophie_name_12": "धन्यवाद बॉक्स!",
  "ui_trophie_name_13": "यह चढ़ाई है!",
  "ui_trophie_name_14": "आरी के बीच",
  "ui_trophie_name_15": "विश्वास की छलांग",
  "ui_trophie_name_16": "कीचेन",
  "ui_trophie_name_17": "प्लंज लें",
  "ui_trophie_name_18": "लाइट बंद!",
  "ui_trophie_name_19": "बॉक्स से बाहर",
  "ui_trophie_name_20": "बॉक्स के अंदर",
  "ui_trophie_name_21": "एक समय में एक कदम",
  "ui_trophie_name_22": "डबल डाउन",
  "ui_trophie_name_23": "थर्ड का चार्म",
  "ui_trophie_name_24": "फैंटास्टिक फोर",
  "ui_trophie_name_25": "हाई फाइव",
  "ui_trophie_name_26": "डेमोन",
  "ui_trophie_name_27": "आप लकी हैं",
  "ui_trophie_name_28": "आठ बार चैंप बनें",
  "ui_trophie_name_29": "नौ जीवन",
  "ui_trophie_name_30": "परफेक्ट!",
  "ui_trophie_name_31": "गैस्पिंग",
  "ui_trophie_name_32": "समय गुज़रता है V2.0",
  "ui_trophie_name_33": "हेड्स अप",
  "ui_trophie_name_34": "डेथ टाइकून",
  "ui_trophie_name_35": "ओलंपियन",
  "ui_trophie_name_36": "पर्फेक्शनिस्ट",
  "ui_trophie_name_37": "एट्रोनोमर",
  "ui_trophie_name_38": "विनर",
  "ui_trophie_name_39": "चैलेंजर",
  "ui_trophie_name_40": "एक्सट्रीम",
  "ui_trophie_name_41": "एक्सट्रीम",
  "ui_trophie_name_42": "एक्सट्रीम",
  "ui_trophie_name_43": "एक्सट्रीम",
  "ui_trophie_name_44": "एक्सट्रीम",
  "ui_trophie_name_45": "एक्सट्रीम",
  "ui_trophie_name_46": "एक्सट्रीम",
  "ui_trophie_name_47": "एक्सट्रीम",
  "ui_trophie_name_48": "एक्सट्रीम",
  "ui_trophie_description_1": "किसी भी रैंकिंग के लिए एक्ट 1 को पूरा करें",
  "ui_trophie_description_2": "किसी भी रैंकिंग के लिए एक्ट 2 को पूरा करें",
  "ui_trophie_description_3": "किसी भी रैंकिंग के लिए एक्ट 3 को पूरा करें",
  "ui_trophie_description_4": "किसी भी रैंकिंग के लिए एक्ट 4 को पूरा करें",
  "ui_trophie_description_5": "किसी भी रैंकिंग के लिए एक्ट 5 को पूरा करें",
  "ui_trophie_description_6": "किसी भी रैंकिंग के लिए एक्ट 6 को पूरा करें",
  "ui_trophie_description_7": "किसी भी रैंकिंग के लिए एक्ट 7 को पूरा करें",
  "ui_trophie_description_8": "किसी भी रैंकिंग के लिए एक्ट 8 को पूरा करें",
  "ui_trophie_description_9": "किसी भी रैंकिंग के लिए एक्ट 9 को पूरा करें",
  "ui_trophie_description_10": "किसी भी रैंकिंग के लिए वेक्सेशन को पूरा करें",
  "ui_trophie_description_11": "एक्ट 1 पर छिपे हुए स्टार को पकड़ें",
  "ui_trophie_description_12": "एक्ट 2 पर छिपे हुए स्टार को पकड़ें",
  "ui_trophie_description_13": "एक्ट 3 पर छिपे हुए स्टार को पकड़ें",
  "ui_trophie_description_14": "एक्ट 4 पर छिपे हुए स्टार को पकड़ें",
  "ui_trophie_description_15": "एक्ट 5 पर छिपे हुए स्टार को पकड़ें",
  "ui_trophie_description_16": "एक्ट 6 पर छिपे हुए स्टार को पकड़ें",
  "ui_trophie_description_17": "एक्ट 7 पर छिपे हुए स्टार को पकड़ें",
  "ui_trophie_description_18": "एक्ट 8 पर छिपे हुए स्टार को पकड़ें",
  "ui_trophie_description_19": "एक्ट 9 पर छिपे हुए स्टार को पकड़ें",
  "ui_trophie_description_20": "वेक्सेशन पर छिपे हुए स्टार को पकड़ें",
  "ui_trophie_description_21": "एक्ट 1 के लिए चुनौती मोड को पूरा करें",
  "ui_trophie_description_22": "एक्ट 2 के लिए चुनौती मोड को पूरा करें",
  "ui_trophie_description_23": "एक्ट 3 के लिए चुनौती मोड को पूरा करें",
  "ui_trophie_description_24": "एक्ट 4 के लिए चुनौती मोड को पूरा करें",
  "ui_trophie_description_25": "एक्ट 5 के लिए चुनौती मोड को पूरा करें",
  "ui_trophie_description_26": "एक्ट 6 के लिए चुनौती मोड को पूरा करें",
  "ui_trophie_description_27": "एक्ट 7 के लिए चुनौती मोड को पूरा करें",
  "ui_trophie_description_28": "एक्ट 8 के लिए चुनौती मोड को पूरा करें",
  "ui_trophie_description_29": "एक्ट 9 के लिए चुनौती मोड को पूरा करें",
  "ui_trophie_description_30": "किसी भी एक्ट को परफेक्ट रैंकिंग के साथ पूरा करें",
  "ui_trophie_description_31": "सतह पर एक तैरता बुलबुला बचा है",
  "ui_trophie_description_32": "एक घंटे से ज़्यादा समय तक गेम खेलें",
  "ui_trophie_description_33": "धक्का देने योग्य ब्लॉक से कुचले जाएं",
  "ui_trophie_description_34": "कुल 100 से ज़्यादा मौतें प्राप्त करें",
  "ui_trophie_description_35": "हर एक्ट पर गोल्ड या बेहतर हासिल करें",
  "ui_trophie_description_36": "हर एक्ट पर पर्फेक्ट या बेहतर हासिल करें",
  "ui_trophie_description_37": "गेम में हर स्टार को इकट्ठा करें",
  "ui_trophie_description_38": "हर एक्ट को चैलेंज मोड में पूरा करें",
  "ui_trophie_description_39": "चैलेंज रूम को पूरा करें",
  "ui_options_title": "विकल्प",
  "ui_options_music": "म्यूज़िक",
  "ui_options_sound": "साउंड",
  "ui_options_enable": "ऑन",
  "ui_options_disable": "ऑफ",
  "ui_options_auto_save": "सबसे अच्छा समय बीत जाने पर ऑटो रीसेट",
  "ui_level_complet_title": "लेवल पूरा हुआ",
  "ui_gp_hub_name_title": "आपका समय",
  "ui_gp_rank_gold": "सोना",
  "ui_gp_rank_silver": "चांदी",
  "ui_gp_rank_bronze": "कांस्य",
  "ui_gp_challenge_floor": "फ्लोर",
  "ui_act_select_title": "एक्ट चुनें",
  "ui_gp_challenge_floors": "फ्लोर",
  "ui_gp_challenge_room": "चैलेंज रूम",
  "ui_gp_challenge_time": "आपका समय",
  "ui_achievement_title": "उपलब्धियां अनलॉक की गई!",
  "act_select_hard": "कठिन मोड",
  "hell_locked": "लॉक किया गया",

  "pressDown": "एंटर करने के लिए  नीचे दबाएं",
  "pressDownStage": "मंच पर जाने के लिए नीचे दबाएं",
  "checkpoint": "चेकपॉइंट",

  "death0_1": "नुकीला!",
  "death0_2": "पॉप्ड!",
  "death1_1": "बिखरा हुआ!",
  "death1_2": "कठिन लैंडिंग!",
  "death2_1": "कटा हुआ!",
  "death2_2": "बज़किल!",
  "death2_3": "बिट्स में काटा!",
  "death3_1": "कुचल दिया!",
  "death3_2": "कुचला हुआ!",
  "death3_3": "बहुत संकुचित!",
  "death4_1": "फेफड़े पिचक गए!",
  "death4_2": "डूब जाना!",
  "death4_3": "बिना मछलियों के सोना...!",
  "death5_1": "दुनिया से बाहर गिर गया!",
  "death5_2": "सीधे नर्क की ओर!",
  "death5_3": "बहुत दूर गिर गया!",
  "death6_1": "प्रवेश निषेध है!",
  "death7_1": "कुचला गया",
  "death7_2": "कुचला हुआ!",
  "death7_3": "कुचल दिया!",
  "death8_1": "काटा गया",
  "death8_2": "हंसिया",
  "death8_3": "गंभीर मौत",
  "death8_4": "सिर धड़ से अलग",
  "death9_1": "शूरिकेंजुत्सु ने आजमाया!",
  "death9_2": "बुरा निंजा!",
  "death9_3": "स्लाइस्ड और डाइस्ड!",
  "death10_1": "मौत चारों-तरफ से!",
  "death10_2": "स्लाइस्ड और डाइस्ड!",
  "death11_1": "बिजली से मारा!",
  "death11_2": "चिंगारी निकली!",
  "death11_3": "चौंकानेवाला.",
  "death12_1": "कुचल दिया!",
  "death12_2": "कुचला हुआ!",
  "death12_3": "बहुत संकुचित!",
  "death13_1": "स्वाइप किया गया.",
  "death13_2": "बहुत व्यस्त है.",
  "death13_3": "टुकड़ों में टूट गया",
  "death14_1": "मिटा दिया!",
  "death14_2": "छींटे!",
  "death14_3": "तला हुआ वेक्समैन!",
  "death15_1": "हैरान नुकीला!",
  "death15_2": "घुसा हुआ!",

  "tf1":"[0]VEX[0] में आपका स्वागत है",
  "tf2":"[1]एक्ट 1[1] एंटर करने के लिए [1]नीचे[1] दबाएं",
  "tf3":"आप [0]पतंग[0] की मदद से उड़ सकते हैं!",
  "tf4":"TNT में विस्फोट करने के लिए टॉर्च इस्तेमाल करें!",
  "tf5":"पानी को मत छुएं या आप अपनी टॉर्च खो देंगे",
  "tf6":"उनके एक्ट [2]ब्लॉक[2] पर खड़े होकर नए [2]एक्ट[2] खेलें",
  "tf7":"ऊपर उठने के लिए [3]अगल-बगल[3] की तरफ कूदें",
  "tf8":"चलिए [2]Vex2[2] से रीकैप करते हैं",
  "tf9":"सावधान रहें! ग्रे ब्लॉक चालू और बंद होते हैं",
  "tf10":"अंत तक पहुंचने के लिए [2]तीरों[2] को [2]फ़ॉलो करें[2]",
  "tf11":"दौड़ते समय [2]स्लाइड[2] करने के लिए [2]दबाकर रखें[2]!",
  "tf12":"जैसे पहले [4]बैंगनी[4] ब्लॉक काफी [4]कमजोर[4] होते हैं",
  "tf13":"[5]तीर वाली कुंजी[5] या [5]WASD[5] के साथ मूव करें",
  "tf13Mob":"[5]चलाने[5] के लिए [5]तीर[5] को छुएं",
  "tf14":"[6]नारंगी[6] ब्लॉक आपको वाकई में ऊंचा उछाल देते हैं!",
  "tf15":"आप ऊपर और नीचे स्लाइड करने के लिए एक खंभा पकड़ सकते हैं",
  "tf16":"ये पोर्टल आपको मानचित्र पर किसी अन्य स्थान पर टेलीपोर्ट करते हैं",
  "tf18":"आप अब तक [2]अच्छा कर रहे[2] हैं!",
  "tf19":"सावधान रहें लंबे [7]फॉल्स[7] आपको मार सकते हैं!",
  "tf20":"देखें, आपकी [8]सांस[8] फूल रही है! आपका मुंह जिस तरफ है, उसी तरफ [8]आगे बढ़ते[8] हुए तैरें",
  "tf21":"[9]भूरे[9] रंग के ब्लॉक को किसी भी तरह से [8]धकेला[8] जा सकता है!",
  "tf22":"फंसे हुए ब्लॉक को [8]बाहर[8] निकालने के लिए उसे [8]दबाएं[8]",
  "tf23":"आगे बढ़ने के लिए [11]लाल[11] सेक्शन में [10]कूदें[10]",
  "tf24":"[12]नीले सेक्शन[12] में [10]कूदने[10] से आप और ज़्यादा झूलते हैं",
  "tf25":"[10]बाएं[10] या [10]दाएं[10] का इस्तेमाल करके अपने उछलने की [10]दिशा बदलें[10]",
  "tf26":"[13]बर्फ[13] [13]फिसलन भरी[13] होती है और समय के साथ [13]पिघलती[13] है!",
  "tf27":"[10]किक[10] मारने और [14]कांच[14] को तोड़ने के लिए हवा के बीच में [10]दबाए रखें[10]",
  "tf28":"[15]स्पीड ब्लॉक[15] आपको दिखाई गई दिशा में ले जाते हैं!",
  "tf29":"[15]लेज़रों[15] को हराने के लिए आपको तेज़ होना चाहिए!  हवा के बीच में [16]होल्ड करके[16] अपनी [16]किक क्षमता[16] का इस्तेमाल करने का प्रयास करें",
  "tf30":"[17]लॉक ब्लॉक[17] को अनलॉक करने के लिए [10]चाबियों[10] का इस्तेमाल करें",
  "tf31":"[18]पोर्टल[18] [19]लॉक ब्लॉकों[19] के अंत में है!",
  "tf32":"आपको [10]चाबियां[10] [20]ढूंढनी[20] होंगी!",
  "tf33":"[21]तोप[21] में [3]कूदें[3] और जब आप फ़ायर किया जाना चाहते हैं तो [3]ऊपर दबाएं[3]!",
  "tf34":"ये छोटे बबल आपकी सांसों को पानी के अंदर [22]रिचार्ज[22] करते हैं!",
  "tf35":"किनारे के आसपास की चिंगारी से सावधान रहें",
  "tf36":"[26]लाइट[26] बंद होने पर [25]सोलर ब्लॉक[25] गायब हो जाते हैं!",
  "tf37":"अगर एक चिंगारी पानी को छूती है तो वह इलेक्ट्रिफाइड हो जाता है",
  "tf38":"[29]Vex 3[29] खेलने के लिए धन्यवाद! आपने लगभग कर दिया...",
  "tf39":"आप जितना करीब आते हैं [30]गुलाबी[30] ब्लॉक [31]गायब[31] हो जाते हैं",
  "tf40":"[11]लाल[11] चाबियां 5 सेकंड के बाद गायब हो जाती हैं",
  "tf41":"आप [32]स्थिर खड़े होकर[32] स्टेज के [32]चारों ओर देख[32] सकते हैं",
  "tf42":"यह है, [33]अंतिम परीक्षा[33]. अगर वायर आपको अंत तक मारता है तो आपको [33]पूरा एक्ट फिर से करना होगा[33]!",
  "tf43":"गलत रास्ता, मूर्ख!",
  "tf44":"बहुत बढ़िया! अब जाएं [34]अगला एक्ट[34] खोजें",
  "tf45":"[35]हार्ड मोड[35] अनलॉक करने के लिए [35]एक्ट 1[35] में [35]3 स्टार[35] प्राप्त करें"
}