{
  "yes": "Sim",
  "no": "Não",
  "retry":"TENTAR NOVAMENTE",
  "youOk": "ESTÁS BEM?",
  "deaths": "Mortes",
  "totalDeaths": "Total de mortes",
  "perfect": "PERFEITO",
  "gold": "OURO",
  "silver": "PRATA",
  "bronze": "BRONZE",
  "cleared":"LIMPO",
  
  "language": "Linguagem",
  "ui_mm_start": "Jogar",
  "ui_trophie_title": "Troféus",
  "ui_trophie_section1_title": "Actos padrão",
  "ui_trophie_section2_title": "Hardcore",
  "ui_trophie_section3_title": "Coisas Incríveis",
  "ui_trophie_section4_title": "Conclusão",
  "ui_trophie_name_0": "desafio",
  "ui_trophie_name_1": "Acto 1",
  "ui_trophie_name_2": "Acto 2",
  "ui_trophie_name_3": "Acto 3",
  "ui_trophie_name_4": "Acto 4",
  "ui_trophie_name_5": "Acto 5",
  "ui_trophie_name_6": "Acto 6",
  "ui_trophie_name_7": "Acto 7",
  "ui_trophie_name_8": "Acto 8",
  "ui_trophie_name_9": "Acto 9",
  "ui_trophie_name_10": "Vexation",
  "ui_trophie_name_hub": "Centro de Nível",
  "ui_trophie_name_1Hard": "Acto 1 Difícil",
  "ui_trophie_name_2Hard": "Acto 2 Difícil",
  "ui_trophie_name_3Hard": "Acto 3 Difícil",
  "ui_trophie_name_4Hard": "Acto 4 Difícil",
  "ui_trophie_name_5Hard": "Acto 5 Difícil",
  "ui_trophie_name_6Hard": "Acto 6 Difícil",
  "ui_trophie_name_7Hard": "Acto 7 Difícil",
  "ui_trophie_name_8Hard": "Acto 8 Difícil",
  "ui_trophie_name_9Hard": "Acto 9 Difícil",
  "ui_trophie_name_11": "Minha!",
  "ui_trophie_name_12": "Obrigado chefe!",
  "ui_trophie_name_13": "É a subida!",
  "ui_trophie_name_14": "Entre uma serra",
  "ui_trophie_name_15": "Salto de fé",
  "ui_trophie_name_16": "Chaveiro",
  "ui_trophie_name_17": "Corre o risco",
  "ui_trophie_name_18": "Luzes apagadas!",
  "ui_trophie_name_19": "Fora da caixa",
  "ui_trophie_name_20": "Dentro da caixa",
  "ui_trophie_name_21": "Um passo de cada vez",
  "ui_trophie_name_22": "Dobra a aposta",
  "ui_trophie_name_23": "A terceira é de vez",
  "ui_trophie_name_24": "Quarteto Fantástico",
  "ui_trophie_name_25": "Bate cinco",
  "ui_trophie_name_26": "Demónio",
  "ui_trophie_name_27": "Estás com sorte",
  "ui_trophie_name_28": "Oito vezes campeão",
  "ui_trophie_name_29": "Nove vidas",
  "ui_trophie_name_30": "Perfeito!",
  "ui_trophie_name_31": "Afogando",
  "ui_trophie_name_32": "O tempo voa V 2.0",
  "ui_trophie_name_33": "Olha para acima",
  "ui_trophie_name_34": "Magnata da morte",
  "ui_trophie_name_35": "Olímpico",
  "ui_trophie_name_36": "Perfeccionista",
  "ui_trophie_name_37": "Astrónomo",
  "ui_trophie_name_38": "Ganhador",
  "ui_trophie_name_39": "Desafiador",
  "ui_trophie_name_40": "Extremo",
  "ui_trophie_name_41": "Extremo",
  "ui_trophie_name_42": "Extremo",
  "ui_trophie_name_43": "Extremo",
  "ui_trophie_name_44": "Extremo",
  "ui_trophie_name_45": "Extremo",
  "ui_trophie_name_46": "Extremo",
  "ui_trophie_name_47": "Extremo",
  "ui_trophie_name_48": "Extremo",
  "ui_trophie_description_1": "Completa o Acto 1 para qualquer classificação",
  "ui_trophie_description_2": "Completa o acto 2 para qualquer classificação",
  "ui_trophie_description_3": "Completa o acto 3 para qualquer classificação",
  "ui_trophie_description_4": "Completa o acto 4 para qualquer classificação",
  "ui_trophie_description_5": "Completa o acto 5 para qualquer classificação",
  "ui_trophie_description_6": "Completa o acto 6 para qualquer classificação",
  "ui_trophie_description_7": "Completa o acto 7 para qualquer classificação",
  "ui_trophie_description_8": "Completa o acto 8 para qualquer classificação",
  "ui_trophie_description_9": "Completa o acto 9 para qualquer classificação",
  "ui_trophie_description_10": "Completa a 'Vexation' para qualquer classificação",
  "ui_trophie_description_11": "Apanha a estrela escondida no acto 1",
  "ui_trophie_description_12": "Apanha a estrela escondida no acto 2",
  "ui_trophie_description_13": "Apanha a estrela escondida no acto 3",
  "ui_trophie_description_14": "Apanha a estrela escondida no acto 4",
  "ui_trophie_description_15": "Apanha a estrela escondida no acto 5",
  "ui_trophie_description_16": "Apanha a estrela escondida no acto 6",
  "ui_trophie_description_17": "Apanha a estrela escondida no acto 7",
  "ui_trophie_description_18": "- Apanha a estrela escondida no acto 8",
  "ui_trophie_description_19": "Apanha a estrela escondida no acto 9",
  "ui_trophie_description_20": "Apanha a estrela escondida na 'Vexation'",
  "ui_trophie_description_21": "Completa o modo de desafio para o acto 1",
  "ui_trophie_description_22": "Completa o modo de desafio para o acto 2",
  "ui_trophie_description_23": "Completa o modo de desafio para o acto 3",
  "ui_trophie_description_24": "Completa o modo de desafio para o acto 4",
  "ui_trophie_description_25": "Completa o modo de desafio para o acto 5",
  "ui_trophie_description_26": "Completa o modo de desafio para o acto 6",
  "ui_trophie_description_27": "Completa o modo de desafio para o acto 7",
  "ui_trophie_description_28": "Completa o modo de desafio para o acto 8",
  "ui_trophie_description_29": "Completa o modo de desafio para o acto 9",
  "ui_trophie_description_30": "Completa qualquer acto com classificação perfeita",
  "ui_trophie_description_31": "Vem à tona com uma bolha restante",
  "ui_trophie_description_32": "Joga por mais de uma hora",
  "ui_trophie_description_33": "Fica esmagado por um bloco móvel",
  "ui_trophie_description_34": "Obtém mais de 100 mortes totais",
  "ui_trophie_description_35": "Consegue ouro, ou mais, em cada acto",
  "ui_trophie_description_36": "Alcança a perfeição, ou mais, em cada acto",
  "ui_trophie_description_37": "Colecta todas as estrelas do jogo",
  "ui_trophie_description_38": "Completa todos os actos no modo desafio",
  "ui_trophie_description_39": "Complete a sala do desafio",
  "ui_options_title": "Opções",
  "ui_options_music": "Música",
  "ui_options_sound": "Som",
  "ui_options_enable": "LIGADO",
  "ui_options_disable": "DESLIGADO",
  "ui_options_auto_save": "Reinício automático quando o melhor tempo for ultrapassado,",
  "ui_level_complet_title": "Nível completo",
  "ui_gp_hub_name_title": "O teu tempo",
  "ui_gp_rank_gold": "Ouro",
  "ui_gp_rank_silver": "Prata",
  "ui_gp_rank_bronze": "Bronze",
  "ui_gp_challenge_floor": "ANDAR",
  "ui_act_select_title": "Seleccionar acto",
  "ui_gp_challenge_floors": "ANDARES",
  "ui_gp_challenge_room": "Sala do Desafio",
  "ui_gp_challenge_time": "O teu tempo",
  "ui_achievement_title": "Conquistas desbloqueadas!",
  "act_select_hard": "Modo difícil",
  "hell_locked": "BLOQUEADO",

  "pressDown": "Carrega para baixo para entrar,",
  "pressDownStage": "Carrega para baixo para entrar na fase",
  "checkpoint": "Ponto de controlo",

  "death0_1": "Cravado!",
  "death0_2": "Estourado!",
  "death1_1": "Salpicado!",
  "death1_2": "Aterragem forçada!",
  "death2_1": "Desfiado!",
  "death2_2": "Estraga-prazeres!",
  "death2_3": "Serrado em pedaços!",
  "death3_1": "Esmagado!",
  "death3_2": "Espremido!",
  "death3_3": "Muito comprimido!",
  "death4_1": "Os pulmões colapsaram!",
  "death4_2": "Afogado!",
  "death4_3": "Dormindo com os peixes...!",
  "death5_1": "Foi embora para sempre!",
  "death5_2": "Directo para o inferno!",
  "death5_3": "Caiu longe demais!",
  "death6_1": "Entrada proibida!",
  "death7_1": "Espremido",
  "death7_2": "Espremido!",
  "death7_3": "Esmagado!",
  "death8_1": "Segado",
  "death8_2": "Ceifado",
  "death8_3": "Morte sombria",
  "death8_4": "Decapitado",
  "death9_1": "tentou o shurikenjutsu",
  "death9_2": "Ninja mau!",
  "death9_3": "Fatiado e picado!",
  "death10_1": "Morto por toda parte!",
  "death10_2": "Fatiado e picado!",
  "death11_1": "Eletrocutado!",
  "death11_2": "Chispado!",
  "death11_3": "Electrizante.",
  "death12_1": "Esmagado!",
  "death12_2": "Espremido!",
  "death12_3": "Muito comprimido!",
  "death13_1": "Varrido.",
  "death13_2": "Apressado.",
  "death13_3": "Rasgado em pedaços",
  "death14_1": "Obliterado!",
  "death14_2": "Respingado!",
  "death14_3": "Vexman frigido!",
  "death15_1": "Cravado por surpresa!",
  "death15_2": "Furado!",

  "tf1":"Bem-vindo de volta a [0]VEX[0]",
  "tf2":"Carrega [1]para baixo[1] para entrar no [1]Acto 1[1]",
  "tf3":"Podes voar com o [0]papagaio[0]!",
  "tf4":"Usa a tocha para fazer explodir TNT!",
  "tf5":"Não toques na água ou perderás a tua tocha",
  "tf6":"Joga novos [2]actos[2] parando nos seus [2]blocos[2] de actos",
  "tf7":"Salta de [3]um lado para o outro[3] para te levantares",
  "tf8":"Vamos recapitular desde o [2]Vex2[2]",
  "tf9":"Cuidado! Os blocos cinzas ligam e desligam",
  "tf10":"[2]Sigue[2] as [2]setas[2] para chegares ao fim",
  "tf11":"Enquanto corres, [2]mantém carregado[2] para [2]deslizar[2]!",
  "tf12":"Como antes, os blocos [4]roxos[4] blocos são bastante [4]fracos[4]",
  "tf13":"Move-te com as [5]setas direccionais[5] ou com [5]WASD[5]",
  "tf13Mob":"Toca nas [5]setas[5] para [5]MOVER[5]",
  "tf14":"Os blocos [6]laranja[6] fazem com que saltes muito alto!",
  "tf15":"Podes pegar um poste para deslizar para cima e para baixo",
  "tf16":"Esses portais vão te teletransportar para outro lugar no mapa",
  "tf18":"Estás [2]a ir bem [2] até agora!",
  "tf19":"Cuidado, as [7]quedas longas[7] podem-te matar!",
  "tf20":"Cuidado, estás a ficar [8]sem ar[8]! Nada [8]avançando[8] na direcção que tens à frente",
  "tf21":"Os blocos [9]castanhos[9] podem ser [8]empurrados[8] de qualquer maneira!",
  "tf22":"[8]Carrega para baixo[8] em um bloco preso para [8]expulsá-lo [8]",
  "tf23":"[10]Salta[10] enquanto estiveres na secção [11]vermelha[11] para balançar para a frente",
  "tf24":"[10]Saltando[10] na [12]secção azul[12] balanças ainda mais",
  "tf25":"[10]Muda a direcção[10] do teu balanço usando [10]esquerda[10] ou [10]direita[10]",
  "tf26":"O [13]gelo[13] é [13]escorregadio[13] e [13]derrete[13] com o tempo!",
  "tf27":"[10]Mantém pressionado[10] no ar para[10]chutar[10] e quebrar [14]vidro[14]",
  "tf28":"O [15]bloco de velocidade [15] move-te na direcção mostrada!",
  "tf29":"Para vencer os [15]lasers[15] tens que ser rápido!  Tenta usar a tua [16]habilidade de chute[16] [16]mantendo pressionado[16] no ar",
  "tf30":"Usa as [10]chaves[10] para desbloquear [17]blocos bloqueados[17]",
  "tf31":"O [18]portal[18] está no final dos [19]blocos bloqueados[19]!",
  "tf32":"Tens que [20]encontrar[20] as [10]chaves [10]!",
  "tf33":"[3]Pula[3] para o [21]canhão[21] e [3]carrega para cima[3] quando quiseres ser disparado!",
  "tf34":"Estas pequenas bolhas [22]recarregan[22] a tua respiração debaixo d'água!",
  "tf35":"Cuidado com a faísca ao redor da borda",
  "tf36":"Os [25]blocos solares[25] desaparecem quando a [26]luz[26] está desligada!",
  "tf37":"Se uma faísca toca a água, fica electrificada",
  "tf38":"Obrigado por jogar [29]Vex 3[29]! Estás quase a acabar...",
  "tf39":"Os blocos [30]cor-de-rosa[30] viram [31]invisíveis[31] quanto mais perto te chegas",
  "tf40":"As teclas [11]vermelhas[11] desaparecem após 5 segundos",
  "tf41":"Podes [32]dar uma vista de olhos[32] à cena enquanto [32]estás parado[32]",
  "tf42":"Ora, o [33] teste final [33]. Se o fio te bater até o fim, terás que [33]refazer todo o acto[33]!",
  "tf43":"Caminho errado, parvo!",
  "tf44":"Bom trabalho! Agora vá encontrar o [34]próximo acto[34]",
  "tf45":"Apanha [35]3 estrelas[35] no [35]Acto 1[35] para desbloquear o [35]modo difícil[35]"
}