﻿{"frames": [

{
	"filename": "actAct instance 10000",
	"frame": {"x":1969,"y":1,"w":68,"h":82},
	"rotated": false,
	"trimmed": false,
	"spriteSourceSize": {"x":0,"y":0,"w":68,"h":82},
	"sourceSize": {"w":68,"h":82}
}
,{
	"filename": "actAct instance 10001",
	"frame": {"x":1969,"y":85,"w":68,"h":82},
	"rotated": false,
	"trimmed": false,
	"spriteSourceSize": {"x":0,"y":0,"w":68,"h":82},
	"sourceSize": {"w":68,"h":82}
}
,{
	"filename": "actAct instance 10002",
	"frame": {"x":1969,"y":169,"w":68,"h":82},
	"rotated": false,
	"trimmed": false,
	"spriteSourceSize": {"x":0,"y":0,"w":68,"h":82},
	"sourceSize": {"w":68,"h":82}
}
,{
	"filename": "actAct instance 10003",
	"frame": {"x":1969,"y":253,"w":68,"h":82},
	"rotated": false,
	"trimmed": false,
	"spriteSourceSize": {"x":0,"y":0,"w":68,"h":82},
	"sourceSize": {"w":68,"h":82}
}
,{
	"filename": "actAct instance 10004",
	"frame": {"x":1965,"y":933,"w":68,"h":82},
	"rotated": false,
	"trimmed": false,
	"spriteSourceSize": {"x":0,"y":0,"w":68,"h":82},
	"sourceSize": {"w":68,"h":82}
}
,{
	"filename": "actAct instance 10005",
	"frame": {"x":1965,"y":1017,"w":68,"h":82},
	"rotated": false,
	"trimmed": false,
	"spriteSourceSize": {"x":0,"y":0,"w":68,"h":82},
	"sourceSize": {"w":68,"h":82}
}
,{
	"filename": "actAct instance 10006",
	"frame": {"x":682,"y":1027,"w":68,"h":82},
	"rotated": false,
	"trimmed": false,
	"spriteSourceSize": {"x":0,"y":0,"w":68,"h":82},
	"sourceSize": {"w":68,"h":82}
}
,{
	"filename": "actAct instance 10007",
	"frame": {"x":1,"y":1074,"w":68,"h":82},
	"rotated": false,
	"trimmed": false,
	"spriteSourceSize": {"x":0,"y":0,"w":68,"h":82},
	"sourceSize": {"w":68,"h":82}
}
,{
	"filename": "actAct instance 10008",
	"frame": {"x":1143,"y":1075,"w":68,"h":82},
	"rotated": false,
	"trimmed": false,
	"spriteSourceSize": {"x":0,"y":0,"w":68,"h":82},
	"sourceSize": {"w":68,"h":82}
}
,{
	"filename": "actAct instance 10009",
	"frame": {"x":1213,"y":1075,"w":68,"h":82},
	"rotated": false,
	"trimmed": false,
	"spriteSourceSize": {"x":0,"y":0,"w":68,"h":82},
	"sourceSize": {"w":68,"h":82}
}
,{
	"filename": "actHardcore instance 10000",
	"frame": {"x":2030,"y":461,"w":17,"h":18},
	"rotated": false,
	"trimmed": true,
	"spriteSourceSize": {"x":4,"y":3,"w":24,"h":23},
	"sourceSize": {"w":24,"h":23}
}
,{
	"filename": "actHardcore instance 10001",
	"frame": {"x":1859,"y":905,"w":24,"h":23},
	"rotated": false,
	"trimmed": false,
	"spriteSourceSize": {"x":0,"y":0,"w":24,"h":23},
	"sourceSize": {"w":24,"h":23}
}
,{
	"filename": "actStar instance 10000",
	"frame": {"x":2027,"y":654,"w":20,"h":18},
	"rotated": false,
	"trimmed": true,
	"spriteSourceSize": {"x":2,"y":3,"w":23,"h":24},
	"sourceSize": {"w":23,"h":24}
}
,{
	"filename": "actStar instance 10001",
	"frame": {"x":320,"y":808,"w":23,"h":24},
	"rotated": false,
	"trimmed": false,
	"spriteSourceSize": {"x":0,"y":0,"w":23,"h":24},
	"sourceSize": {"w":23,"h":24}
}
,{
	"filename": "actTrophy instance 10000",
	"frame": {"x":1776,"y":471,"w":20,"h":17},
	"rotated": false,
	"trimmed": true,
	"spriteSourceSize": {"x":1,"y":2,"w":21,"h":20},
	"sourceSize": {"w":21,"h":20}
}
,{
	"filename": "actTrophy instance 10001",
	"frame": {"x":508,"y":908,"w":21,"h":20},
	"rotated": false,
	"trimmed": false,
	"spriteSourceSize": {"x":0,"y":0,"w":21,"h":20},
	"sourceSize": {"w":21,"h":20}
}
,{
	"filename": "btnActSelect instance 10000",
	"frame": {"x":71,"y":1083,"w":67,"h":69},
	"rotated": false,
	"trimmed": false,
	"spriteSourceSize": {"x":0,"y":0,"w":67,"h":69},
	"sourceSize": {"w":67,"h":69}
}
,{
	"filename": "btnChallenge instance 10000",
	"frame": {"x":505,"y":1027,"w":87,"h":90},
	"rotated": false,
	"trimmed": false,
	"spriteSourceSize": {"x":0,"y":0,"w":87,"h":90},
	"sourceSize": {"w":87,"h":90}
}
,{
	"filename": "btnExit instance 10000",
	"frame": {"x":1283,"y":1075,"w":67,"h":69},
	"rotated": false,
	"trimmed": false,
	"spriteSourceSize": {"x":0,"y":0,"w":67,"h":69},
	"sourceSize": {"w":67,"h":69}
}
,{
	"filename": "btnLeftPressed instance 10000",
	"frame": {"x":1434,"y":805,"w":200,"h":200},
	"rotated": false,
	"trimmed": false,
	"spriteSourceSize": {"x":0,"y":0,"w":200,"h":200},
	"sourceSize": {"w":200,"h":200}
}
,{
	"filename": "btnNonePressed instance 10000",
	"frame": {"x":1232,"y":805,"w":200,"h":200},
	"rotated": false,
	"trimmed": false,
	"spriteSourceSize": {"x":0,"y":0,"w":200,"h":200},
	"sourceSize": {"w":200,"h":200}
}
,{
	"filename": "btnOff instance 10000",
	"frame": {"x":1604,"y":1033,"w":152,"h":48},
	"rotated": false,
	"trimmed": false,
	"spriteSourceSize": {"x":0,"y":0,"w":152,"h":48},
	"sourceSize": {"w":152,"h":48}
}
,{
	"filename": "btnOn instance 10000",
	"frame": {"x":1758,"y":1039,"w":152,"h":48},
	"rotated": false,
	"trimmed": false,
	"spriteSourceSize": {"x":0,"y":0,"w":152,"h":48},
	"sourceSize": {"w":152,"h":48}
}
,{
	"filename": "btnOrange instance 10000",
	"frame": {"x":989,"y":1019,"w":156,"h":52},
	"rotated": false,
	"trimmed": false,
	"spriteSourceSize": {"x":0,"y":0,"w":156,"h":52},
	"sourceSize": {"w":156,"h":52}
}
,{
	"filename": "btnPause instance 10000",
	"frame": {"x":1707,"y":1194,"w":36,"h":37},
	"rotated": false,
	"trimmed": false,
	"spriteSourceSize": {"x":0,"y":0,"w":36,"h":37},
	"sourceSize": {"w":36,"h":37}
}
,{
	"filename": "btnPlay instance 10000",
	"frame": {"x":556,"y":817,"w":300,"h":116},
	"rotated": false,
	"trimmed": false,
	"spriteSourceSize": {"x":0,"y":0,"w":300,"h":116},
	"sourceSize": {"w":300,"h":116}
}
,{
	"filename": "btnPlay2 instance 10000",
	"frame": {"x":858,"y":817,"w":307,"h":107},
	"rotated": false,
	"trimmed": false,
	"spriteSourceSize": {"x":0,"y":0,"w":307,"h":107},
	"sourceSize": {"w":307,"h":107}
}
,{
	"filename": "btnRestart instance 10000",
	"frame": {"x":209,"y":1083,"w":67,"h":69},
	"rotated": false,
	"trimmed": false,
	"spriteSourceSize": {"x":0,"y":0,"w":67,"h":69},
	"sourceSize": {"w":67,"h":69}
}
,{
	"filename": "btnRightPressed instance 10000",
	"frame": {"x":1,"y":780,"w":200,"h":200},
	"rotated": false,
	"trimmed": false,
	"spriteSourceSize": {"x":0,"y":0,"w":200,"h":200},
	"sourceSize": {"w":200,"h":200}
}
,{
	"filename": "btnSettings instance 10000",
	"frame": {"x":594,"y":1027,"w":86,"h":90},
	"rotated": false,
	"trimmed": false,
	"spriteSourceSize": {"x":0,"y":0,"w":86,"h":90},
	"sourceSize": {"w":86,"h":90}
}
,{
	"filename": "btnTrophie2 instance 10000",
	"frame": {"x":140,"y":1083,"w":67,"h":69},
	"rotated": false,
	"trimmed": false,
	"spriteSourceSize": {"x":0,"y":0,"w":67,"h":69},
	"sourceSize": {"w":67,"h":69}
}
,{
	"filename": "btnTrphie instance 10000",
	"frame": {"x":280,"y":1017,"w":87,"h":90},
	"rotated": false,
	"trimmed": false,
	"spriteSourceSize": {"x":0,"y":0,"w":87,"h":90},
	"sourceSize": {"w":87,"h":90}
}
,{
	"filename": "btnX instance 10000",
	"frame": {"x":1636,"y":869,"w":29,"h":28},
	"rotated": false,
	"trimmed": false,
	"spriteSourceSize": {"x":0,"y":0,"w":29,"h":28},
	"sourceSize": {"w":29,"h":28}
}
,{
	"filename": "checkBox instance 10000",
	"frame": {"x":1667,"y":869,"w":27,"h":27},
	"rotated": false,
	"trimmed": false,
	"spriteSourceSize": {"x":0,"y":0,"w":27,"h":27},
	"sourceSize": {"w":27,"h":27}
}
,{
	"filename": "checkMark instance 10000",
	"frame": {"x":203,"y":808,"w":32,"h":25},
	"rotated": false,
	"trimmed": false,
	"spriteSourceSize": {"x":0,"y":0,"w":32,"h":25},
	"sourceSize": {"w":32,"h":25}
}
,{
	"filename": "cr_container instance 10000",
	"frame": {"x":1518,"y":368,"w":466,"h":101},
	"rotated": false,
	"trimmed": false,
	"spriteSourceSize": {"x":0,"y":0,"w":466,"h":101},
	"sourceSize": {"w":466,"h":101}
}
,{
	"filename": "cr_floor_container instance 10000",
	"frame": {"x":386,"y":835,"w":162,"h":71},
	"rotated": false,
	"trimmed": false,
	"spriteSourceSize": {"x":0,"y":0,"w":162,"h":71},
	"sourceSize": {"w":162,"h":71}
}
,{
	"filename": "cr_level_container instance 10000",
	"frame": {"x":858,"y":926,"w":228,"h":66},
	"rotated": false,
	"trimmed": false,
	"spriteSourceSize": {"x":0,"y":0,"w":228,"h":66},
	"sourceSize": {"w":228,"h":66}
}
,{
	"filename": "cr_tophy instance 10000",
	"frame": {"x":816,"y":935,"w":38,"h":41},
	"rotated": false,
	"trimmed": false,
	"spriteSourceSize": {"x":0,"y":0,"w":38,"h":41},
	"sourceSize": {"w":38,"h":41}
}
,{
	"filename": "cr_tophy instance 10001",
	"frame": {"x":927,"y":1189,"w":38,"h":41},
	"rotated": false,
	"trimmed": false,
	"spriteSourceSize": {"x":0,"y":0,"w":38,"h":41},
	"sourceSize": {"w":38,"h":41}
}
,{
	"filename": "crouchButton instance 10000",
	"frame": {"x":1848,"y":471,"w":180,"h":181},
	"rotated": false,
	"trimmed": true,
	"spriteSourceSize": {"x":10,"y":10,"w":200,"h":201},
	"sourceSize": {"w":200,"h":201}
}
,{
	"filename": "crouchButton instance 10001",
	"frame": {"x":354,"y":632,"w":200,"h":201},
	"rotated": false,
	"trimmed": false,
	"spriteSourceSize": {"x":0,"y":0,"w":200,"h":201},
	"sourceSize": {"w":200,"h":201}
}
,{
	"filename": "flag_ar instance 10000",
	"frame": {"x":1,"y":982,"w":117,"h":90},
	"rotated": false,
	"trimmed": false,
	"spriteSourceSize": {"x":0,"y":0,"w":117,"h":90},
	"sourceSize": {"w":117,"h":90}
}
,{
	"filename": "flag_de instance 10000",
	"frame": {"x":508,"y":935,"w":120,"h":90},
	"rotated": false,
	"trimmed": false,
	"spriteSourceSize": {"x":0,"y":0,"w":120,"h":90},
	"sourceSize": {"w":120,"h":90}
}
,{
	"filename": "flag_en instance 10000",
	"frame": {"x":1486,"y":1007,"w":116,"h":87},
	"rotated": false,
	"trimmed": false,
	"spriteSourceSize": {"x":0,"y":0,"w":116,"h":87},
	"sourceSize": {"w":116,"h":87}
}
,{
	"filename": "flag_es instance 10000",
	"frame": {"x":1905,"y":654,"w":120,"h":91},
	"rotated": false,
	"trimmed": false,
	"spriteSourceSize": {"x":0,"y":0,"w":120,"h":91},
	"sourceSize": {"w":120,"h":91}
}
,{
	"filename": "flag_fr instance 10000",
	"frame": {"x":1367,"y":1007,"w":117,"h":87},
	"rotated": false,
	"trimmed": false,
	"spriteSourceSize": {"x":0,"y":0,"w":117,"h":87},
	"sourceSize": {"w":117,"h":87}
}
,{
	"filename": "flag_hi instance 10000",
	"frame": {"x":1905,"y":747,"w":120,"h":91},
	"rotated": false,
	"trimmed": false,
	"spriteSourceSize": {"x":0,"y":0,"w":120,"h":91},
	"sourceSize": {"w":120,"h":91}
}
,{
	"filename": "flag_id instance 10000",
	"frame": {"x":630,"y":935,"w":120,"h":90},
	"rotated": false,
	"trimmed": false,
	"spriteSourceSize": {"x":0,"y":0,"w":120,"h":90},
	"sourceSize": {"w":120,"h":90}
}
,{
	"filename": "flag_it instance 10000",
	"frame": {"x":870,"y":994,"w":117,"h":88},
	"rotated": false,
	"trimmed": false,
	"spriteSourceSize": {"x":0,"y":0,"w":117,"h":88},
	"sourceSize": {"w":117,"h":88}
}
,{
	"filename": "flag_ja instance 10000",
	"frame": {"x":386,"y":1001,"w":117,"h":88},
	"rotated": false,
	"trimmed": false,
	"spriteSourceSize": {"x":0,"y":0,"w":117,"h":88},
	"sourceSize": {"w":117,"h":88}
}
,{
	"filename": "flag_nl instance 10000",
	"frame": {"x":752,"y":994,"w":116,"h":89},
	"rotated": false,
	"trimmed": false,
	"spriteSourceSize": {"x":0,"y":0,"w":116,"h":89},
	"sourceSize": {"w":116,"h":89}
}
,{
	"filename": "flag_pt instance 10000",
	"frame": {"x":386,"y":908,"w":120,"h":91},
	"rotated": false,
	"trimmed": false,
	"spriteSourceSize": {"x":0,"y":0,"w":120,"h":91},
	"sourceSize": {"w":120,"h":91}
}
,{
	"filename": "flag_ru instance 10000",
	"frame": {"x":1905,"y":840,"w":120,"h":91},
	"rotated": false,
	"trimmed": false,
	"spriteSourceSize": {"x":0,"y":0,"w":120,"h":91},
	"sourceSize": {"w":120,"h":91}
}
,{
	"filename": "flag_tr instance 10000",
	"frame": {"x":1088,"y":926,"w":120,"h":91},
	"rotated": false,
	"trimmed": false,
	"spriteSourceSize": {"x":0,"y":0,"w":120,"h":91},
	"sourceSize": {"w":120,"h":91}
}
,{
	"filename": "gp_achievement_container instance 10000",
	"frame": {"x":1636,"y":905,"w":221,"h":126},
	"rotated": false,
	"trimmed": false,
	"spriteSourceSize": {"x":0,"y":0,"w":221,"h":126},
	"sourceSize": {"w":221,"h":126}
}
,{
	"filename": "gp_bar instance 10000",
	"frame": {"x":120,"y":982,"w":81,"h":9},
	"rotated": false,
	"trimmed": false,
	"spriteSourceSize": {"x":0,"y":0,"w":81,"h":9},
	"sourceSize": {"w":81,"h":9}
}
,{
	"filename": "gp_bar_bg instance 10000",
	"frame": {"x":237,"y":820,"w":81,"h":9},
	"rotated": false,
	"trimmed": false,
	"spriteSourceSize": {"x":0,"y":0,"w":81,"h":9},
	"sourceSize": {"w":81,"h":9}
}
,{
	"filename": "gp_level_container instance 10000",
	"frame": {"x":1210,"y":1007,"w":155,"h":66},
	"rotated": false,
	"trimmed": false,
	"spriteSourceSize": {"x":0,"y":0,"w":155,"h":66},
	"sourceSize": {"w":155,"h":66}
}
,{
	"filename": "gp_time_container instance 10000",
	"frame": {"x":989,"y":1073,"w":152,"h":46},
	"rotated": false,
	"trimmed": false,
	"spriteSourceSize": {"x":0,"y":0,"w":152,"h":46},
	"sourceSize": {"w":152,"h":46}
}
,{
	"filename": "gp_time_container1 instance 10000",
	"frame": {"x":203,"y":780,"w":133,"h":26},
	"rotated": false,
	"trimmed": false,
	"spriteSourceSize": {"x":0,"y":0,"w":133,"h":26},
	"sourceSize": {"w":133,"h":26}
}
,{
	"filename": "gp_tnt instance 10000",
	"frame": {"x":120,"y":1017,"w":158,"h":64},
	"rotated": false,
	"trimmed": false,
	"spriteSourceSize": {"x":0,"y":0,"w":158,"h":64},
	"sourceSize": {"w":158,"h":64}
}
,{
	"filename": "gp_tnt_bar0 instance 10000",
	"frame": {"x":1698,"y":471,"w":76,"h":10},
	"rotated": false,
	"trimmed": false,
	"spriteSourceSize": {"x":0,"y":0,"w":76,"h":10},
	"sourceSize": {"w":76,"h":10}
}
,{
	"filename": "gp_tnt_bar1 instance 10000",
	"frame": {"x":237,"y":808,"w":76,"h":10},
	"rotated": false,
	"trimmed": false,
	"spriteSourceSize": {"x":0,"y":0,"w":76,"h":10},
	"sourceSize": {"w":76,"h":10}
}
,{
	"filename": "iconLanguage instance 10000",
	"frame": {"x":1282,"y":1190,"w":44,"h":35},
	"rotated": false,
	"trimmed": false,
	"spriteSourceSize": {"x":0,"y":0,"w":44,"h":35},
	"sourceSize": {"w":44,"h":35}
}
,{
	"filename": "jumpButton instance 10000",
	"frame": {"x":203,"y":835,"w":181,"h":180},
	"rotated": false,
	"trimmed": true,
	"spriteSourceSize": {"x":10,"y":10,"w":201,"h":200},
	"sourceSize": {"w":201,"h":200}
}
,{
	"filename": "jumpButton instance 10001",
	"frame": {"x":1702,"y":703,"w":201,"h":200},
	"rotated": false,
	"trimmed": false,
	"spriteSourceSize": {"x":0,"y":0,"w":201,"h":200},
	"sourceSize": {"w":201,"h":200}
}
,{
	"filename": "logo instance 10000",
	"frame": {"x":1,"y":632,"w":351,"h":146},
	"rotated": false,
	"trimmed": false,
	"spriteSourceSize": {"x":0,"y":0,"w":351,"h":146},
	"sourceSize": {"w":351,"h":146}
}
,{
	"filename": "lvl_hub_container instance 10000",
	"frame": {"x":1232,"y":703,"w":468,"h":100},
	"rotated": false,
	"trimmed": false,
	"spriteSourceSize": {"x":0,"y":0,"w":468,"h":100},
	"sourceSize": {"w":468,"h":100}
}
,{
	"filename": "lvl_hub_hardcore instance 10000",
	"frame": {"x":734,"y":1156,"w":46,"h":46},
	"rotated": false,
	"trimmed": false,
	"spriteSourceSize": {"x":0,"y":0,"w":46,"h":46},
	"sourceSize": {"w":46,"h":46}
}
,{
	"filename": "lvl_hub_hardcore instance 10001",
	"frame": {"x":782,"y":1156,"w":46,"h":46},
	"rotated": false,
	"trimmed": false,
	"spriteSourceSize": {"x":0,"y":0,"w":46,"h":46},
	"sourceSize": {"w":46,"h":46}
}
,{
	"filename": "lvl_hub_star instance 10000",
	"frame": {"x":1912,"y":1039,"w":51,"h":48},
	"rotated": false,
	"trimmed": false,
	"spriteSourceSize": {"x":0,"y":0,"w":51,"h":48},
	"sourceSize": {"w":51,"h":48}
}
,{
	"filename": "lvl_hub_star instance 10001",
	"frame": {"x":633,"y":1119,"w":47,"h":48},
	"rotated": false,
	"trimmed": true,
	"spriteSourceSize": {"x":2,"y":0,"w":51,"h":48},
	"sourceSize": {"w":51,"h":48}
}
,{
	"filename": "lvl_hub_trophy instance 10000",
	"frame": {"x":830,"y":1156,"w":50,"h":42},
	"rotated": false,
	"trimmed": true,
	"spriteSourceSize": {"x":1,"y":1,"w":51,"h":44},
	"sourceSize": {"w":51,"h":44}
}
,{
	"filename": "lvl_hub_trophy instance 10001",
	"frame": {"x":121,"y":1154,"w":51,"h":44},
	"rotated": false,
	"trimmed": false,
	"spriteSourceSize": {"x":0,"y":0,"w":51,"h":44},
	"sourceSize": {"w":51,"h":44}
}
,{
	"filename": "panelActSelect instance 10000",
	"frame": {"x":616,"y":490,"w":614,"h":325},
	"rotated": false,
	"trimmed": false,
	"spriteSourceSize": {"x":0,"y":0,"w":614,"h":325},
	"sourceSize": {"w":614,"h":325}
}
,{
	"filename": "panelAreYouOk instance 10000",
	"frame": {"x":1232,"y":490,"w":614,"h":211},
	"rotated": false,
	"trimmed": false,
	"spriteSourceSize": {"x":0,"y":0,"w":614,"h":211},
	"sourceSize": {"w":614,"h":211}
}
,{
	"filename": "panelLevelComplete instance 10000",
	"frame": {"x":616,"y":1,"w":449,"h":487},
	"rotated": false,
	"trimmed": false,
	"spriteSourceSize": {"x":0,"y":0,"w":449,"h":487},
	"sourceSize": {"w":449,"h":487}
}
,{
	"filename": "panelOptions instance 10000",
	"frame": {"x":1518,"y":1,"w":449,"h":365},
	"rotated": false,
	"trimmed": false,
	"spriteSourceSize": {"x":0,"y":0,"w":449,"h":365},
	"sourceSize": {"w":449,"h":365}
}
,{
	"filename": "panelPause instance 10000",
	"frame": {"x":1067,"y":1,"w":449,"h":487},
	"rotated": false,
	"trimmed": false,
	"spriteSourceSize": {"x":0,"y":0,"w":449,"h":487},
	"sourceSize": {"w":449,"h":487}
}
,{
	"filename": "panelTrophie instance 10000",
	"frame": {"x":1,"y":1,"w":613,"h":629},
	"rotated": false,
	"trimmed": false,
	"spriteSourceSize": {"x":0,"y":0,"w":613,"h":629},
	"sourceSize": {"w":613,"h":629}
}
,{
	"filename": "trop_act1 instance 10000",
	"frame": {"x":1945,"y":1101,"w":50,"h":50},
	"rotated": false,
	"trimmed": true,
	"spriteSourceSize": {"x":1,"y":2,"w":52,"h":53},
	"sourceSize": {"w":52,"h":53}
}
,{
	"filename": "trop_act1 instance 10001",
	"frame": {"x":930,"y":1084,"w":52,"h":53},
	"rotated": false,
	"trimmed": false,
	"spriteSourceSize": {"x":0,"y":0,"w":52,"h":53},
	"sourceSize": {"w":52,"h":53}
}
,{
	"filename": "trop_act10 instance 10000",
	"frame": {"x":1036,"y":1121,"w":50,"h":50},
	"rotated": false,
	"trimmed": true,
	"spriteSourceSize": {"x":1,"y":2,"w":52,"h":53},
	"sourceSize": {"w":52,"h":53}
}
,{
	"filename": "trop_act10 instance 10001",
	"frame": {"x":1352,"y":1096,"w":52,"h":53},
	"rotated": false,
	"trimmed": false,
	"spriteSourceSize": {"x":0,"y":0,"w":52,"h":53},
	"sourceSize": {"w":52,"h":53}
}
,{
	"filename": "trop_act2 instance 10000",
	"frame": {"x":1997,"y":1101,"w":50,"h":50},
	"rotated": false,
	"trimmed": true,
	"spriteSourceSize": {"x":1,"y":2,"w":52,"h":53},
	"sourceSize": {"w":52,"h":53}
}
,{
	"filename": "trop_act2 instance 10001",
	"frame": {"x":812,"y":1085,"w":52,"h":53},
	"rotated": false,
	"trimmed": false,
	"spriteSourceSize": {"x":0,"y":0,"w":52,"h":53},
	"sourceSize": {"w":52,"h":53}
}
,{
	"filename": "trop_act3 instance 10000",
	"frame": {"x":278,"y":1109,"w":50,"h":50},
	"rotated": false,
	"trimmed": true,
	"spriteSourceSize": {"x":1,"y":2,"w":52,"h":53},
	"sourceSize": {"w":52,"h":53}
}
,{
	"filename": "trop_act3 instance 10001",
	"frame": {"x":1729,"y":1089,"w":52,"h":53},
	"rotated": false,
	"trimmed": false,
	"spriteSourceSize": {"x":0,"y":0,"w":52,"h":53},
	"sourceSize": {"w":52,"h":53}
}
,{
	"filename": "trop_act4 instance 10000",
	"frame": {"x":529,"y":1119,"w":50,"h":50},
	"rotated": false,
	"trimmed": true,
	"spriteSourceSize": {"x":1,"y":2,"w":52,"h":53},
	"sourceSize": {"w":52,"h":53}
}
,{
	"filename": "trop_act4 instance 10001",
	"frame": {"x":1891,"y":1089,"w":52,"h":53},
	"rotated": false,
	"trimmed": false,
	"spriteSourceSize": {"x":0,"y":0,"w":52,"h":53},
	"sourceSize": {"w":52,"h":53}
}
,{
	"filename": "trop_act5 instance 10000",
	"frame": {"x":581,"y":1119,"w":50,"h":50},
	"rotated": false,
	"trimmed": true,
	"spriteSourceSize": {"x":1,"y":2,"w":52,"h":53},
	"sourceSize": {"w":52,"h":53}
}
,{
	"filename": "trop_act5 instance 10001",
	"frame": {"x":369,"y":1091,"w":52,"h":53},
	"rotated": false,
	"trimmed": false,
	"spriteSourceSize": {"x":0,"y":0,"w":52,"h":53},
	"sourceSize": {"w":52,"h":53}
}
,{
	"filename": "trop_act6 instance 10000",
	"frame": {"x":984,"y":1121,"w":50,"h":50},
	"rotated": false,
	"trimmed": true,
	"spriteSourceSize": {"x":1,"y":2,"w":52,"h":53},
	"sourceSize": {"w":52,"h":53}
}
,{
	"filename": "trop_act6 instance 10001",
	"frame": {"x":423,"y":1091,"w":52,"h":53},
	"rotated": false,
	"trimmed": false,
	"spriteSourceSize": {"x":0,"y":0,"w":52,"h":53},
	"sourceSize": {"w":52,"h":53}
}
,{
	"filename": "trop_act7 instance 10000",
	"frame": {"x":1088,"y":1121,"w":50,"h":50},
	"rotated": false,
	"trimmed": true,
	"spriteSourceSize": {"x":1,"y":2,"w":52,"h":53},
	"sourceSize": {"w":52,"h":53}
}
,{
	"filename": "trop_act7 instance 10001",
	"frame": {"x":1406,"y":1096,"w":52,"h":53},
	"rotated": false,
	"trimmed": false,
	"spriteSourceSize": {"x":0,"y":0,"w":52,"h":53},
	"sourceSize": {"w":52,"h":53}
}
,{
	"filename": "trop_act8 instance 10000",
	"frame": {"x":477,"y":1119,"w":50,"h":50},
	"rotated": false,
	"trimmed": true,
	"spriteSourceSize": {"x":1,"y":2,"w":52,"h":53},
	"sourceSize": {"w":52,"h":53}
}
,{
	"filename": "trop_act8 instance 10001",
	"frame": {"x":1837,"y":1089,"w":52,"h":53},
	"rotated": false,
	"trimmed": false,
	"spriteSourceSize": {"x":0,"y":0,"w":52,"h":53},
	"sourceSize": {"w":52,"h":53}
}
,{
	"filename": "trop_act9 instance 10000",
	"frame": {"x":682,"y":1111,"w":50,"h":50},
	"rotated": false,
	"trimmed": true,
	"spriteSourceSize": {"x":1,"y":2,"w":52,"h":53},
	"sourceSize": {"w":52,"h":53}
}
,{
	"filename": "trop_act9 instance 10001",
	"frame": {"x":1783,"y":1089,"w":52,"h":53},
	"rotated": false,
	"trimmed": false,
	"spriteSourceSize": {"x":0,"y":0,"w":52,"h":53},
	"sourceSize": {"w":52,"h":53}
}
,{
	"filename": "trop_arrow_left instance 10000",
	"frame": {"x":1774,"y":1194,"w":26,"h":43},
	"rotated": false,
	"trimmed": true,
	"spriteSourceSize": {"x":1,"y":2,"w":27,"h":48},
	"sourceSize": {"w":27,"h":48}
}
,{
	"filename": "trop_arrow_left instance 10001",
	"frame": {"x":1108,"y":1173,"w":27,"h":48},
	"rotated": false,
	"trimmed": false,
	"spriteSourceSize": {"x":0,"y":0,"w":27,"h":48},
	"sourceSize": {"w":27,"h":48}
}
,{
	"filename": "trop_arrow_right instance 10000",
	"frame": {"x":1802,"y":1194,"w":26,"h":43},
	"rotated": false,
	"trimmed": true,
	"spriteSourceSize": {"x":1,"y":2,"w":27,"h":48},
	"sourceSize": {"w":27,"h":48}
}
,{
	"filename": "trop_arrow_right instance 10001",
	"frame": {"x":1745,"y":1194,"w":27,"h":48},
	"rotated": false,
	"trimmed": false,
	"spriteSourceSize": {"x":0,"y":0,"w":27,"h":48},
	"sourceSize": {"w":27,"h":48}
}
,{
	"filename": "trop_bar instance 10000",
	"frame": {"x":1518,"y":471,"w":178,"h":14},
	"rotated": false,
	"trimmed": false,
	"spriteSourceSize": {"x":0,"y":0,"w":178,"h":14},
	"sourceSize": {"w":178,"h":14}
}
,{
	"filename": "trop_bar_bg instance 10000",
	"frame": {"x":734,"y":1140,"w":178,"h":14},
	"rotated": false,
	"trimmed": false,
	"spriteSourceSize": {"x":0,"y":0,"w":178,"h":14},
	"sourceSize": {"w":178,"h":14}
}
,{
	"filename": "trop_completion1 instance 10000",
	"frame": {"x":1401,"y":1151,"w":57,"h":42},
	"rotated": false,
	"trimmed": false,
	"spriteSourceSize": {"x":0,"y":0,"w":57,"h":42},
	"sourceSize": {"w":57,"h":42}
}
,{
	"filename": "trop_completion1 instance 10001",
	"frame": {"x":1460,"y":1153,"w":57,"h":42},
	"rotated": false,
	"trimmed": false,
	"spriteSourceSize": {"x":0,"y":0,"w":57,"h":42},
	"sourceSize": {"w":57,"h":42}
}
,{
	"filename": "trop_completion2 instance 10000",
	"frame": {"x":1283,"y":1146,"w":57,"h":42},
	"rotated": false,
	"trimmed": false,
	"spriteSourceSize": {"x":0,"y":0,"w":57,"h":42},
	"sourceSize": {"w":57,"h":42}
}
,{
	"filename": "trop_completion2 instance 10001",
	"frame": {"x":1342,"y":1151,"w":57,"h":42},
	"rotated": false,
	"trimmed": false,
	"spriteSourceSize": {"x":0,"y":0,"w":57,"h":42},
	"sourceSize": {"w":57,"h":42}
}
,{
	"filename": "trop_completion3 instance 10000",
	"frame": {"x":870,"y":1084,"w":58,"h":50},
	"rotated": false,
	"trimmed": false,
	"spriteSourceSize": {"x":0,"y":0,"w":58,"h":50},
	"sourceSize": {"w":58,"h":50}
}
,{
	"filename": "trop_completion3 instance 10001",
	"frame": {"x":752,"y":1085,"w":58,"h":50},
	"rotated": false,
	"trimmed": false,
	"spriteSourceSize": {"x":0,"y":0,"w":58,"h":50},
	"sourceSize": {"w":58,"h":50}
}
,{
	"filename": "trop_completion4 instance 10000",
	"frame": {"x":1167,"y":817,"w":62,"h":49},
	"rotated": false,
	"trimmed": false,
	"spriteSourceSize": {"x":0,"y":0,"w":62,"h":49},
	"sourceSize": {"w":62,"h":49}
}
,{
	"filename": "trop_completion4 instance 10001",
	"frame": {"x":1167,"y":868,"w":62,"h":49},
	"rotated": false,
	"trimmed": false,
	"spriteSourceSize": {"x":0,"y":0,"w":62,"h":49},
	"sourceSize": {"w":62,"h":49}
}
,{
	"filename": "trop_completion5 instance 10000",
	"frame": {"x":752,"y":935,"w":62,"h":49},
	"rotated": false,
	"trimmed": false,
	"spriteSourceSize": {"x":0,"y":0,"w":62,"h":49},
	"sourceSize": {"w":62,"h":49}
}
,{
	"filename": "trop_completion5 instance 10001",
	"frame": {"x":1604,"y":1083,"w":62,"h":49},
	"rotated": false,
	"trimmed": false,
	"spriteSourceSize": {"x":0,"y":0,"w":62,"h":49},
	"sourceSize": {"w":62,"h":49}
}
,{
	"filename": "trop_hard_mode instance 10000",
	"frame": {"x":1,"y":1158,"w":46,"h":45},
	"rotated": false,
	"trimmed": false,
	"spriteSourceSize": {"x":0,"y":0,"w":46,"h":45},
	"sourceSize": {"w":46,"h":45}
}
,{
	"filename": "trop_hard_mode instance 10001",
	"frame": {"x":682,"y":1163,"w":45,"h":45},
	"rotated": false,
	"trimmed": true,
	"spriteSourceSize": {"x":0,"y":0,"w":46,"h":45},
	"sourceSize": {"w":46,"h":45}
}
,{
	"filename": "trop_hard_mode instance 10002",
	"frame": {"x":633,"y":1169,"w":45,"h":45},
	"rotated": false,
	"trimmed": true,
	"spriteSourceSize": {"x":0,"y":0,"w":46,"h":45},
	"sourceSize": {"w":46,"h":45}
}
,{
	"filename": "trop_hard_mode instance 10003",
	"frame": {"x":436,"y":1171,"w":45,"h":45},
	"rotated": false,
	"trimmed": true,
	"spriteSourceSize": {"x":0,"y":0,"w":46,"h":45},
	"sourceSize": {"w":46,"h":45}
}
,{
	"filename": "trop_hard_mode instance 10004",
	"frame": {"x":1140,"y":1159,"w":46,"h":45},
	"rotated": false,
	"trimmed": false,
	"spriteSourceSize": {"x":0,"y":0,"w":46,"h":45},
	"sourceSize": {"w":46,"h":45}
}
,{
	"filename": "trop_hard_mode instance 10005",
	"frame": {"x":483,"y":1171,"w":45,"h":45},
	"rotated": false,
	"trimmed": true,
	"spriteSourceSize": {"x":0,"y":0,"w":46,"h":45},
	"sourceSize": {"w":46,"h":45}
}
,{
	"filename": "trop_hard_mode instance 10006",
	"frame": {"x":530,"y":1171,"w":45,"h":45},
	"rotated": false,
	"trimmed": true,
	"spriteSourceSize": {"x":0,"y":0,"w":46,"h":45},
	"sourceSize": {"w":46,"h":45}
}
,{
	"filename": "trop_hard_mode instance 10007",
	"frame": {"x":1188,"y":1159,"w":46,"h":45},
	"rotated": false,
	"trimmed": false,
	"spriteSourceSize": {"x":0,"y":0,"w":46,"h":45},
	"sourceSize": {"w":46,"h":45}
}
,{
	"filename": "trop_hard_mode instance 10008",
	"frame": {"x":271,"y":1161,"w":46,"h":45},
	"rotated": false,
	"trimmed": false,
	"spriteSourceSize": {"x":0,"y":0,"w":46,"h":45},
	"sourceSize": {"w":46,"h":45}
}
,{
	"filename": "trop_hard_mode instance 10009",
	"frame": {"x":577,"y":1171,"w":45,"h":45},
	"rotated": false,
	"trimmed": true,
	"spriteSourceSize": {"x":0,"y":0,"w":46,"h":45},
	"sourceSize": {"w":46,"h":45}
}
,{
	"filename": "trop_hard_mode instance 10010",
	"frame": {"x":577,"y":1171,"w":45,"h":45},
	"rotated": false,
	"trimmed": true,
	"spriteSourceSize": {"x":0,"y":0,"w":46,"h":45},
	"sourceSize": {"w":46,"h":45}
}
,{
	"filename": "trop_hard_mode instance 10011",
	"frame": {"x":967,"y":1173,"w":45,"h":45},
	"rotated": false,
	"trimmed": true,
	"spriteSourceSize": {"x":0,"y":0,"w":46,"h":45},
	"sourceSize": {"w":46,"h":45}
}
,{
	"filename": "trop_hard_mode instance 10012",
	"frame": {"x":1014,"y":1173,"w":45,"h":45},
	"rotated": false,
	"trimmed": true,
	"spriteSourceSize": {"x":0,"y":0,"w":46,"h":45},
	"sourceSize": {"w":46,"h":45}
}
,{
	"filename": "trop_hard_mode instance 10013",
	"frame": {"x":1061,"y":1173,"w":45,"h":45},
	"rotated": false,
	"trimmed": true,
	"spriteSourceSize": {"x":0,"y":0,"w":46,"h":45},
	"sourceSize": {"w":46,"h":45}
}
,{
	"filename": "trop_hard_mode instance 10014",
	"frame": {"x":1519,"y":1184,"w":45,"h":45},
	"rotated": false,
	"trimmed": true,
	"spriteSourceSize": {"x":0,"y":0,"w":46,"h":45},
	"sourceSize": {"w":46,"h":45}
}
,{
	"filename": "trop_hard_mode instance 10015",
	"frame": {"x":1566,"y":1184,"w":45,"h":45},
	"rotated": false,
	"trimmed": true,
	"spriteSourceSize": {"x":0,"y":0,"w":46,"h":45},
	"sourceSize": {"w":46,"h":45}
}
,{
	"filename": "trop_hard_mode instance 10016",
	"frame": {"x":1613,"y":1185,"w":45,"h":45},
	"rotated": false,
	"trimmed": true,
	"spriteSourceSize": {"x":0,"y":0,"w":46,"h":45},
	"sourceSize": {"w":46,"h":45}
}
,{
	"filename": "trop_hard_mode instance 10017",
	"frame": {"x":1660,"y":1185,"w":45,"h":45},
	"rotated": false,
	"trimmed": true,
	"spriteSourceSize": {"x":0,"y":0,"w":46,"h":45},
	"sourceSize": {"w":46,"h":45}
}
,{
	"filename": "trop_star instance 10000",
	"frame": {"x":223,"y":1154,"w":46,"h":47},
	"rotated": false,
	"trimmed": true,
	"spriteSourceSize": {"x":3,"y":0,"w":51,"h":48},
	"sourceSize": {"w":51,"h":48}
}
,{
	"filename": "trop_star instance 10001",
	"frame": {"x":223,"y":1154,"w":46,"h":47},
	"rotated": false,
	"trimmed": true,
	"spriteSourceSize": {"x":3,"y":0,"w":51,"h":48},
	"sourceSize": {"w":51,"h":48}
}
,{
	"filename": "trop_star instance 10002",
	"frame": {"x":223,"y":1154,"w":46,"h":47},
	"rotated": false,
	"trimmed": true,
	"spriteSourceSize": {"x":3,"y":0,"w":51,"h":48},
	"sourceSize": {"w":51,"h":48}
}
,{
	"filename": "trop_star instance 10003",
	"frame": {"x":1848,"y":654,"w":48,"h":47},
	"rotated": false,
	"trimmed": true,
	"spriteSourceSize": {"x":2,"y":0,"w":51,"h":48},
	"sourceSize": {"w":51,"h":48}
}
,{
	"filename": "trop_star instance 10004",
	"frame": {"x":1935,"y":1153,"w":48,"h":47},
	"rotated": false,
	"trimmed": true,
	"spriteSourceSize": {"x":2,"y":0,"w":51,"h":48},
	"sourceSize": {"w":51,"h":48}
}
,{
	"filename": "trop_star instance 10005",
	"frame": {"x":1985,"y":1153,"w":48,"h":47},
	"rotated": false,
	"trimmed": true,
	"spriteSourceSize": {"x":2,"y":0,"w":51,"h":48},
	"sourceSize": {"w":51,"h":48}
}
,{
	"filename": "trop_star instance 10006",
	"frame": {"x":1236,"y":1159,"w":44,"h":47},
	"rotated": false,
	"trimmed": true,
	"spriteSourceSize": {"x":4,"y":0,"w":51,"h":48},
	"sourceSize": {"w":51,"h":48}
}
,{
	"filename": "trop_star instance 10007",
	"frame": {"x":882,"y":1189,"w":43,"h":45},
	"rotated": false,
	"trimmed": true,
	"spriteSourceSize": {"x":4,"y":1,"w":51,"h":48},
	"sourceSize": {"w":51,"h":48}
}
,{
	"filename": "trop_star instance 10008",
	"frame": {"x":174,"y":1154,"w":47,"h":47},
	"rotated": false,
	"trimmed": true,
	"spriteSourceSize": {"x":2,"y":0,"w":51,"h":48},
	"sourceSize": {"w":51,"h":48}
}
,{
	"filename": "trop_star instance 10009",
	"frame": {"x":71,"y":1154,"w":48,"h":47},
	"rotated": false,
	"trimmed": true,
	"spriteSourceSize": {"x":2,"y":0,"w":51,"h":48},
	"sourceSize": {"w":51,"h":48}
}
,{
	"filename": "trop_star instance 10010",
	"frame": {"x":1564,"y":1134,"w":51,"h":48},
	"rotated": false,
	"trimmed": false,
	"spriteSourceSize": {"x":0,"y":0,"w":51,"h":48},
	"sourceSize": {"w":51,"h":48}
}
,{
	"filename": "trop_star instance 10011",
	"frame": {"x":1617,"y":1135,"w":51,"h":48},
	"rotated": false,
	"trimmed": false,
	"spriteSourceSize": {"x":0,"y":0,"w":51,"h":48},
	"sourceSize": {"w":51,"h":48}
}
,{
	"filename": "trop_star instance 10012",
	"frame": {"x":1670,"y":1135,"w":51,"h":48},
	"rotated": false,
	"trimmed": false,
	"spriteSourceSize": {"x":0,"y":0,"w":51,"h":48},
	"sourceSize": {"w":51,"h":48}
}
,{
	"filename": "trop_star instance 10013",
	"frame": {"x":914,"y":1139,"w":51,"h":48},
	"rotated": false,
	"trimmed": false,
	"spriteSourceSize": {"x":0,"y":0,"w":51,"h":48},
	"sourceSize": {"w":51,"h":48}
}
,{
	"filename": "trop_star instance 10014",
	"frame": {"x":1723,"y":1144,"w":51,"h":48},
	"rotated": false,
	"trimmed": false,
	"spriteSourceSize": {"x":0,"y":0,"w":51,"h":48},
	"sourceSize": {"w":51,"h":48}
}
,{
	"filename": "trop_star instance 10015",
	"frame": {"x":1776,"y":1144,"w":51,"h":48},
	"rotated": false,
	"trimmed": false,
	"spriteSourceSize": {"x":0,"y":0,"w":51,"h":48},
	"sourceSize": {"w":51,"h":48}
}
,{
	"filename": "trop_star instance 10016",
	"frame": {"x":1829,"y":1144,"w":51,"h":48},
	"rotated": false,
	"trimmed": false,
	"spriteSourceSize": {"x":0,"y":0,"w":51,"h":48},
	"sourceSize": {"w":51,"h":48}
}
,{
	"filename": "trop_star instance 10017",
	"frame": {"x":1882,"y":1144,"w":51,"h":48},
	"rotated": false,
	"trimmed": false,
	"spriteSourceSize": {"x":0,"y":0,"w":51,"h":48},
	"sourceSize": {"w":51,"h":48}
}
,{
	"filename": "trop_star instance 10018",
	"frame": {"x":330,"y":1146,"w":51,"h":48},
	"rotated": false,
	"trimmed": false,
	"spriteSourceSize": {"x":0,"y":0,"w":51,"h":48},
	"sourceSize": {"w":51,"h":48}
}
,{
	"filename": "trop_star instance 10019",
	"frame": {"x":383,"y":1146,"w":51,"h":48},
	"rotated": false,
	"trimmed": false,
	"spriteSourceSize": {"x":0,"y":0,"w":51,"h":48},
	"sourceSize": {"w":51,"h":48}
}
,{
	"filename": "trop_stuff1 instance 10000",
	"frame": {"x":1147,"y":1019,"w":59,"h":50},
	"rotated": false,
	"trimmed": false,
	"spriteSourceSize": {"x":0,"y":0,"w":59,"h":50},
	"sourceSize": {"w":59,"h":50}
}
,{
	"filename": "trop_stuff1 instance 10001",
	"frame": {"x":1668,"y":1083,"w":59,"h":50},
	"rotated": false,
	"trimmed": false,
	"spriteSourceSize": {"x":0,"y":0,"w":59,"h":50},
	"sourceSize": {"w":59,"h":50}
}
,{
	"filename": "trop_stuff3 instance 10000",
	"frame": {"x":556,"y":752,"w":51,"h":62},
	"rotated": false,
	"trimmed": false,
	"spriteSourceSize": {"x":0,"y":0,"w":51,"h":62},
	"sourceSize": {"w":51,"h":62}
}
,{
	"filename": "trop_stuff3 instance 10001",
	"frame": {"x":1636,"y":805,"w":51,"h":62},
	"rotated": false,
	"trimmed": false,
	"spriteSourceSize": {"x":0,"y":0,"w":51,"h":62},
	"sourceSize": {"w":51,"h":62}
}
,{
	"filename": "trop_stuff4 instance 10000",
	"frame": {"x":1460,"y":1096,"w":50,"h":55},
	"rotated": false,
	"trimmed": false,
	"spriteSourceSize": {"x":0,"y":0,"w":50,"h":55},
	"sourceSize": {"w":50,"h":55}
}
,{
	"filename": "trop_stuff4 instance 10001",
	"frame": {"x":1512,"y":1096,"w":50,"h":55},
	"rotated": false,
	"trimmed": false,
	"spriteSourceSize": {"x":0,"y":0,"w":50,"h":55},
	"sourceSize": {"w":50,"h":55}
}
,{
	"filename": "trop_stuff5 instance 10000",
	"frame": {"x":1986,"y":337,"w":58,"h":60},
	"rotated": false,
	"trimmed": false,
	"spriteSourceSize": {"x":0,"y":0,"w":58,"h":60},
	"sourceSize": {"w":58,"h":60}
}
,{
	"filename": "trop_stuff5 instance 10001",
	"frame": {"x":1986,"y":399,"w":58,"h":60},
	"rotated": false,
	"trimmed": false,
	"spriteSourceSize": {"x":0,"y":0,"w":58,"h":60},
	"sourceSize": {"w":58,"h":60}
}
,{
	"filename": "trop_stuff6 instance 10000",
	"frame": {"x":556,"y":632,"w":58,"h":58},
	"rotated": false,
	"trimmed": false,
	"spriteSourceSize": {"x":0,"y":0,"w":58,"h":58},
	"sourceSize": {"w":58,"h":58}
}
,{
	"filename": "trop_stuff6 instance 10001",
	"frame": {"x":556,"y":692,"w":58,"h":58},
	"rotated": false,
	"trimmed": false,
	"spriteSourceSize": {"x":0,"y":0,"w":58,"h":58},
	"sourceSize": {"w":58,"h":58}
}
,{
	"filename": "whiteBlock instance 10000",
	"frame": {"x":1859,"y":933,"w":104,"h":104},
	"rotated": false,
	"trimmed": false,
	"spriteSourceSize": {"x":0,"y":0,"w":104,"h":104},
	"sourceSize": {"w":104,"h":104}
}],
"meta": {
	"app": "Adobe Animate",
	"version": "16.5.0.100",
	"image": "ui.png",
	"format": "RGBA8888",
	"size": {"w":2048,"h":2048},
	"scale": "1"
}
}
